,中文名,景点排名,攻略数量,评论数量,旅游率,评分,开放时间,门票,价格
1284,大同路,570,29.0,6.0,0%,4.5,全天开放,免费,0.0
1320,石峰岩寺,566,0.0,16.0,0%,4.2,全年 9:00-21:00,具体收费情况以现场公示为主,0.0
1232,白鹭洲公园,565,56.0,501.0,15%,4.6,全年 全天开放,具体收费情况以现场公示为主,2238.0
1247,顶澳仔猫街,563,0.0,51.0,0%,4.3,全年 全天开放,具体收费情况以现场公示为主,0.0
1282,颠倒博物馆,546,4.0,69.0,0%,4.5,全年 09:00-18:00,35元,65.0
2399,大摆锤,529,1.0,0.0,0%,--,,,0.0
2391,双层木马,528,0.0,0.0,0%,--,,,0.0
2388,市花园,527,1.0,0.0,0%,--,<strong>植物园开放时间</strong><br /></p><p>5月-10月：5:30-18:30 其余：6:30-18:00<br /></p><p><strong>雨林世界雾森开放时间</strong><br /></p><p>每年10月8日——次年4月30日   9:00—11:00   14:00—16:00<br /></p><p>每年 5月1日——10月7日           8:30—11:00   15:00—17:00,<strong>票价</strong><br /></p><p>40元<br /></p><p><strong>优惠政策</strong><br /></p><p>1、年满60岁以上老人、全日制在校学生(凭有效学生证件)、凭工会卡及本人身份证（限持卡人本人使用）半票；<br /></p><p>2、身高1.40米以下儿童、年满70周岁以上老人、持厦门市老人优惠证人士、厦门市本地户口年满60周岁以上老人、现役军人、武警官兵、离休干部、残障人士、市级以上劳模、<br /></p><p>厦门市中学、小学、幼儿园组织在校学生团体活动（每日限3000人，重要节假日5000人，请提前与植物园旅游开发科预约）、持有厦门“金鹭英才卡”“银鹭英才卡”的人士免票。,0.0
2387,沙生植物区,526,7.0,14.0,0%,4.8,具体开放时间请咨询景区,包含在厦门园林植物园门票内，通用于厦门园林植物园门票。,0.0
2386,蔷薇园,525,1.0,4.0,0%,4.5,具体开放时间请咨询景区,首道大门票收费情况请咨询景区,0.0
2385,南洋杉草坪,524,1.0,0.0,0%,--,<strong>植物园开放时间</strong><br /></p><p>5月-10月：5:30-18:30 其余：6:30-18:00<br /></p><p><strong>雨林世界雾森开放时间</strong><br /></p><p>每年10月8日——次年4月30日   9:00—11:00   14:00—16:00<br /></p><p>每年 5月1日——10月7日           8:30—11:00   15:00—17:00,<strong>票价</strong><br /></p><p>40元<br /></p><p><strong>优惠政策</strong><br /></p><p>1、年满60岁以上老人、全日制在校学生(凭有效学生证件)、凭工会卡及本人身份证（限持卡人本人使用）半票；<br /></p><p>2、身高1.40米以下儿童、年满70周岁以上老人、持厦门市老人优惠证人士、厦门市本地户口年满60周岁以上老人、现役军人、武警官兵、离休干部、残障人士、市级以上劳模、<br /></p><p>厦门市中学、小学、幼儿园组织在校学生团体活动（每日限3000人，重要节假日5000人，请提前与植物园旅游开发科预约）、持有厦门“金鹭英才卡”“银鹭英才卡”的人士免票。,0.0
2384,裸子植物区,523,0.0,0.0,0%,--,<strong>植物园开放时间</strong><br /></p><p>5月-10月：5:30-18:30 其余：6:30-18:00<br /></p><p><strong>雨林世界雾森开放时间</strong><br /></p><p>每年10月8日——次年4月30日   9:00—11:00   14:00—16:00<br /></p><p>每年 5月1日——10月7日           8:30—11:00   15:00—17:00,<strong>票价</strong><br /></p><p>40元<br /></p><p><strong>优惠政策</strong><br /></p><p>1、年满60岁以上老人、全日制在校学生(凭有效学生证件)、凭工会卡及本人身份证（限持卡人本人使用）半票；<br /></p><p>2、身高1.40米以下儿童、年满70周岁以上老人、持厦门市老人优惠证人士、厦门市本地户口年满60周岁以上老人、现役军人、武警官兵、离休干部、残障人士、市级以上劳模、<br /></p><p>厦门市中学、小学、幼儿园组织在校学生团体活动（每日限3000人，重要节假日5000人，请提前与植物园旅游开发科预约）、持有厦门“金鹭英才卡”“银鹭英才卡”的人士免票。,0.0
2383,花卉园,522,1.0,1.0,0%,5.0,<strong>植物园开放时间</strong><br /></p><p>5月-10月：5:30-18:30 其余：6:30-18:00<br /></p><p><strong>雨林世界雾森开放时间</strong><br /></p><p>每年10月8日——次年4月30日   9:00—11:00   14:00—16:00<br /></p><p>每年 5月1日——10月7日           8:30—11:00   15:00—17:00,<strong>票价</strong><br /></p><p>40元<br /></p><p><strong>优惠政策</strong><br /></p><p>1、年满60岁以上老人、全日制在校学生(凭有效学生证件)、凭工会卡及本人身份证（限持卡人本人使用）半票；<br /></p><p>2、身高1.40米以下儿童、年满70周岁以上老人、持厦门市老人优惠证人士、厦门市本地户口年满60周岁以上老人、现役军人、武警官兵、离休干部、残障人士、市级以上劳模、<br /></p><p>厦门市中学、小学、幼儿园组织在校学生团体活动（每日限3000人，重要节假日5000人，请提前与植物园旅游开发科预约）、持有厦门“金鹭英才卡”“银鹭英才卡”的人士免票。,0.0
2382,百花厅,521,1.0,19.0,0%,4.7,6:30-18:00,包含在厦门园林植物园门票内,0.0
2381,竹类植物区,520,0.0,0.0,0%,--,<strong>植物园开放时间</strong><br /></p><p>5月-10月：5:30-18:30 其余：6:30-18:00<br /></p><p><strong>雨林世界雾森开放时间</strong><br /></p><p>每年10月8日——次年4月30日   9:00—11:00   14:00—16:00<br /></p><p>每年 5月1日——10月7日           8:30—11:00   15:00—17:00,<strong>票价</strong><br /></p><p>40元<br /></p><p><strong>优惠政策</strong><br /></p><p>1、年满60岁以上老人、全日制在校学生(凭有效学生证件)、凭工会卡及本人身份证（限持卡人本人使用）半票；<br /></p><p>2、身高1.40米以下儿童、年满70周岁以上老人、持厦门市老人优惠证人士、厦门市本地户口年满60周岁以上老人、现役军人、武警官兵、离休干部、残障人士、市级以上劳模、<br /></p><p>厦门市中学、小学、幼儿园组织在校学生团体活动（每日限3000人，重要节假日5000人，请提前与植物园旅游开发科预约）、持有厦门“金鹭英才卡”“银鹭英才卡”的人士免票。,0.0
2370,太平石笑,519,1.0,22.0,0%,4.7,具体开放时间请咨询景区,包含于厦门园林植物园门票内，通用于厦门园林植物园门票。,0.0
2379,苏铁园,518,0.0,0.0,0%,--,<strong>植物园开放时间</strong><br /></p><p>5月-10月：5:30-18:30 其余：6:30-18:00<br /></p><p><strong>雨林世界雾森开放时间</strong><br /></p><p>每年10月8日——次年4月30日   9:00—11:00   14:00—16:00<br /></p><p>每年 5月1日——10月7日           8:30—11:00   15:00—17:00,<strong>票价</strong><br /></p><p>40元<br /></p><p><strong>优惠政策</strong><br /></p><p>1、年满60岁以上老人、全日制在校学生(凭有效学生证件)、凭工会卡及本人身份证（限持卡人本人使用）半票；<br /></p><p>2、身高1.40米以下儿童、年满70周岁以上老人、持厦门市老人优惠证人士、厦门市本地户口年满60周岁以上老人、现役军人、武警官兵、离休干部、残障人士、市级以上劳模、<br /></p><p>厦门市中学、小学、幼儿园组织在校学生团体活动（每日限3000人，重要节假日5000人，请提前与植物园旅游开发科预约）、持有厦门“金鹭英才卡”“银鹭英才卡”的人士免票。,0.0
2378,药用植物区,517,0.0,0.0,0%,--,<strong>植物园开放时间</strong><br /></p><p>5月-10月：5:30-18:30 其余：6:30-18:00<br /></p><p><strong>雨林世界雾森开放时间</strong><br /></p><p>每年10月8日——次年4月30日   9:00—11:00   14:00—16:00<br /></p><p>每年 5月1日——10月7日           8:30—11:00   15:00—17:00,<strong>票价</strong><br /></p><p>40元<br /></p><p><strong>优惠政策</strong><br /></p><p>1、年满60岁以上老人、全日制在校学生(凭有效学生证件)、凭工会卡及本人身份证（限持卡人本人使用）半票；<br /></p><p>2、身高1.40米以下儿童、年满70周岁以上老人、持厦门市老人优惠证人士、厦门市本地户口年满60周岁以上老人、现役军人、武警官兵、离休干部、残障人士、市级以上劳模、<br /></p><p>厦门市中学、小学、幼儿园组织在校学生团体活动（每日限3000人，重要节假日5000人，请提前与植物园旅游开发科预约）、持有厦门“金鹭英才卡”“银鹭英才卡”的人士免票。,0.0
2377,科普展馆,516,0.0,0.0,0%,--,<strong>植物园开放时间</strong><br /></p><p>5月-10月：5:30-18:30 其余：6:30-18:00<br /></p><p><strong>雨林世界雾森开放时间</strong><br /></p><p>每年10月8日——次年4月30日   9:00—11:00   14:00—16:00<br /></p><p>每年 5月1日——10月7日           8:30—11:00   15:00—17:00,<strong>票价</strong><br /></p><p>40元<br /></p><p><strong>优惠政策</strong><br /></p><p>1、年满60岁以上老人、全日制在校学生(凭有效学生证件)、凭工会卡及本人身份证（限持卡人本人使用）半票；<br /></p><p>2、身高1.40米以下儿童、年满70周岁以上老人、持厦门市老人优惠证人士、厦门市本地户口年满60周岁以上老人、现役军人、武警官兵、离休干部、残障人士、市级以上劳模、<br /></p><p>厦门市中学、小学、幼儿园组织在校学生团体活动（每日限3000人，重要节假日5000人，请提前与植物园旅游开发科预约）、持有厦门“金鹭英才卡”“银鹭英才卡”的人士免票。,0.0
2376,棕榈植物区,515,0.0,0.0,0%,--,<strong>植物园开放时间</strong><br /></p><p>5月-10月：5:30-18:30 其余：6:30-18:00<br /></p><p><strong>雨林世界雾森开放时间</strong><br /></p><p>每年10月8日——次年4月30日   9:00—11:00   14:00—16:00<br /></p><p>每年 5月1日——10月7日           8:30—11:00   15:00—17:00,<strong>票价</strong><br /></p><p>40元<br /></p><p><strong>优惠政策</strong><br /></p><p>1、年满60岁以上老人、全日制在校学生(凭有效学生证件)、凭工会卡及本人身份证（限持卡人本人使用）半票；<br /></p><p>2、身高1.40米以下儿童、年满70周岁以上老人、持厦门市老人优惠证人士、厦门市本地户口年满60周岁以上老人、现役军人、武警官兵、离休干部、残障人士、市级以上劳模、<br /></p><p>厦门市中学、小学、幼儿园组织在校学生团体活动（每日限3000人，重要节假日5000人，请提前与植物园旅游开发科预约）、持有厦门“金鹭英才卡”“银鹭英才卡”的人士免票。<br /></p><p> ,0.0
2375,长啸洞,514,0.0,0.0,0%,--,<strong>植物园开放时间</strong><br /></p><p>5月-10月：5:30-18:30 其余：6:30-18:00<br /></p><p><strong>雨林世界雾森开放时间</strong><br /></p><p>每年10月8日——次年4月30日   9:00—11:00   14:00—16:00<br /></p><p>每年 5月1日——10月7日           8:30—11:00   15:00—17:00,<strong>票价</strong><br /></p><p>40元<br /></p><p><strong>优惠政策</strong><br /></p><p>1、年满60岁以上老人、全日制在校学生(凭有效学生证件)、凭工会卡及本人身份证（限持卡人本人使用）半票；<br /></p><p>2、身高1.40米以下儿童、年满70周岁以上老人、持厦门市老人优惠证人士、厦门市本地户口年满60周岁以上老人、现役军人、武警官兵、离休干部、残障人士、市级以上劳模、<br /></p><p>厦门市中学、小学、幼儿园组织在校学生团体活动（每日限3000人，重要节假日5000人，请提前与植物园旅游开发科预约）、持有厦门“金鹭英才卡”“银鹭英才卡”的人士免票。,0.0
2374,醴泉洞,513,0.0,0.0,0%,--,<strong>植物园开放时间</strong><br /></p><p>5月-10月：5:30-18:30 其余：6:30-18:00<br /></p><p><strong>雨林世界雾森开放时间</strong><br /></p><p>每年10月8日——次年4月30日   9:00—11:00   14:00—16:00<br /></p><p>每年 5月1日——10月7日           8:30—11:00   15:00—17:00,<strong>票价</strong><br /></p><p>40元<br /></p><p><strong>优惠政策</strong><br /></p><p>1、年满60岁以上老人、全日制在校学生(凭有效学生证件)、凭工会卡及本人身份证（限持卡人本人使用）半票；<br /></p><p>2、身高1.40米以下儿童、年满70周岁以上老人、持厦门市老人优惠证人士、厦门市本地户口年满60周岁以上老人、现役军人、武警官兵、离休干部、残障人士、市级以上劳模、<br /></p><p>厦门市中学、小学、幼儿园组织在校学生团体活动（每日限3000人，重要节假日5000人，请提前与植物园旅游开发科预约）、持有厦门“金鹭英才卡”“银鹭英才卡”的人士免票。,0.0
2373,天界晓钟,512,1.0,0.0,0%,--,<strong>植物园开放时间</strong><br /></p><p>5月-10月：5:30-18:30 其余：6:30-18:00<br /></p><p><strong>雨林世界雾森开放时间</strong><br /></p><p>每年10月8日——次年4月30日   9:00—11:00   14:00—16:00<br /></p><p>每年 5月1日——10月7日           8:30—11:00   15:00—17:00,<strong>票价</strong><br /></p><p>40元<br /></p><p><strong>优惠政策</strong><br /></p><p>1、年满60岁以上老人、全日制在校学生(凭有效学生证件)、凭工会卡及本人身份证（限持卡人本人使用）半票；<br /></p><p>2、身高1.40米以下儿童、年满70周岁以上老人、持厦门市老人优惠证人士、厦门市本地户口年满60周岁以上老人、现役军人、武警官兵、离休干部、残障人士、市级以上劳模、<br /></p><p>厦门市中学、小学、幼儿园组织在校学生团体活动（每日限3000人，重要节假日5000人，请提前与植物园旅游开发科预约）、持有厦门“金鹭英才卡”“银鹭英才卡”的人士免票。,0.0
2372,新碑林,511,0.0,8.0,0%,4.6,具体开放时间请咨询景区,包含在厦门园林植物园门票内,0.0
2371,郑成功读书处,510,1.0,0.0,0%,,,,0.0
2360,西校门,509,3.0,0.0,0%,--,,,0.0
2369,万石涵翠,508,2.0,0.0,0%,--,<strong>植物园开放时间</strong><br /></p><p>5月-10月：5:30-18:30 其余：6:30-18:00<br /></p><p><strong>雨林世界雾森开放时间</strong><br /></p><p>每年10月8日——次年4月30日   9:00—11:00   14:00—16:00<br /></p><p>每年 5月1日——10月7日           8:30—11:00   15:00—17:00,<strong>票价</strong><br /></p><p>40元<br /></p><p><strong>优惠政策</strong><br /></p><p>1、年满60岁以上老人、全日制在校学生(凭有效学生证件)、凭工会卡及本人身份证（限持卡人本人使用）半票；<br /></p><p>2、身高1.40米以下儿童、年满70周岁以上老人、持厦门市老人优惠证人士、厦门市本地户口年满60周岁以上老人、现役军人、武警官兵、离休干部、残障人士、市级以上劳模、<br /></p><p>厦门市中学、小学、幼儿园组织在校学生团体活动（每日限3000人，重要节假日5000人，请提前与植物园旅游开发科预约）、持有厦门“金鹭英才卡”“银鹭英才卡”的人士免票。,0.0
2368,象鼻峰,507,0.0,0.0,0%,--,<strong>植物园开放时间</strong><br /></p><p>5月-10月：5:30-18:30 其余：6:30-18:00<br /></p><p><strong>雨林世界雾森开放时间</strong><br /></p><p>每年10月8日——次年4月30日   9:00—11:00   14:00—16:00<br /></p><p>每年 5月1日——10月7日           8:30—11:00   15:00—17:00,<strong>票价</strong><br /></p><p>40元<br /></p><p><strong>优惠政策</strong><br /></p><p>1、年满60岁以上老人、全日制在校学生(凭有效学生证件)、凭工会卡及本人身份证（限持卡人本人使用）半票；<br /></p><p>2、身高1.40米以下儿童、年满70周岁以上老人、持厦门市老人优惠证人士、厦门市本地户口年满60周岁以上老人、现役军人、武警官兵、离休干部、残障人士、市级以上劳模、<br /></p><p>厦门市中学、小学、幼儿园组织在校学生团体活动（每日限3000人，重要节假日5000人，请提前与植物园旅游开发科预约）、持有厦门“金鹭英才卡”“银鹭英才卡”的人士免票。,0.0
2367,万石莲寺,506,0.0,12.0,0%,4.8,具体开放时间请咨询景区,包含在厦门园林植物园（万石植物园）门票内,0.0
2366,万笏朝天,505,1.0,0.0,0%,--,<strong>植物园开放时间</strong><br /></p><p>5月-10月：5:30-18:30 其余：6:30-18:00<br /></p><p><strong>雨林世界雾森开放时间</strong><br /></p><p>每年10月8日——次年4月30日   9:00—11:00   14:00—16:00<br /></p><p>每年 5月1日——10月7日           8:30—11:00   15:00—17:00,<strong>票价</strong><br /></p><p>40元<br /></p><p><strong>优惠政策</strong><br /></p><p>1、年满60岁以上老人、全日制在校学生(凭有效学生证件)、凭工会卡及本人身份证（限持卡人本人使用）半票；<br /></p><p>2、身高1.40米以下儿童、年满70周岁以上老人、持厦门市老人优惠证人士、厦门市本地户口年满60周岁以上老人、现役军人、武警官兵、离休干部、残障人士、市级以上劳模、<br /></p><p>厦门市中学、小学、幼儿园组织在校学生团体活动（每日限3000人，重要节假日5000人，请提前与植物园旅游开发科预约）、持有厦门“金鹭英才卡”“银鹭英才卡”的人士免票。,0.0
2365,琴洞,504,1.0,0.0,0%,--,<strong>植物园开放时间</strong><br /></p><p>5月-10月：5:30-18:30 其余：6:30-18:00<br /></p><p><strong>雨林世界雾森开放时间</strong><br /></p><p>每年10月8日——次年4月30日   9:00—11:00   14:00—16:00<br /></p><p>每年 5月1日——10月7日           8:30—11:00   15:00—17:00,<strong>票价</strong><br /></p><p>40元<br /></p><p><strong>优惠政策</strong><br /></p><p>1、年满60岁以上老人、全日制在校学生(凭有效学生证件)、凭工会卡及本人身份证（限持卡人本人使用）半票；<br /></p><p>2、身高1.40米以下儿童、年满70周岁以上老人、持厦门市老人优惠证人士、厦门市本地户口年满60周岁以上老人、现役军人、武警官兵、离休干部、残障人士、市级以上劳模、<br /></p><p>厦门市中学、小学、幼儿园组织在校学生团体活动（每日限3000人，重要节假日5000人，请提前与植物园旅游开发科预约）、持有厦门“金鹭英才卡”“银鹭英才卡”的人士免票。,0.0
2364,澎湖阵亡将士台,503,0.0,0.0,0%,--,<strong>植物园开放时间</strong><br /></p><p>5月-10月：5:30-18:30 其余：6:30-18:00<br /></p><p><strong>雨林世界雾森开放时间</strong><br /></p><p>每年10月8日——次年4月30日   9:00—11:00   14:00—16:00<br /></p><p>每年 5月1日——10月7日           8:30—11:00   15:00—17:00,<strong>票价</strong><br /></p><p>40元<br /></p><p><strong>优惠政策</strong><br /></p><p>1、年满60岁以上老人、全日制在校学生(凭有效学生证件)、凭工会卡及本人身份证（限持卡人本人使用）半票；<br /></p><p>2、身高1.40米以下儿童、年满70周岁以上老人、持厦门市老人优惠证人士、厦门市本地户口年满60周岁以上老人、现役军人、武警官兵、离休干部、残障人士、市级以上劳模、<br /></p><p>厦门市中学、小学、幼儿园组织在校学生团体活动（每日限3000人，重要节假日5000人，请提前与植物园旅游开发科预约）、持有厦门“金鹭英才卡”“银鹭英才卡”的人士免票。,0.0
2362,滴水岩,502,1.0,0.0,0%,--,<strong>票价</strong><br /></p><p>40元<br /></p><p><strong>优惠政策</strong><br /></p><p>1、年满60岁以上老人、全日制在校学生(凭有效学生证件)、凭工会卡及本人身份证（限持卡人本人使用）半票；<br /></p><p>2、身高1.40米以下儿童、年满70周岁以上老人、持厦门市老人优惠证人士、厦门市本地户口年满60周岁以上老人、现役军人、武警官兵、离休干部、残障人士、市级以上劳模、<br /></p><p>厦门市中学、小学、幼儿园组织在校学生团体活动（每日限3000人，重要节假日5000人，请提前与植物园旅游开发科预约）、持有厦门“金鹭英才卡”“银鹭英才卡”的人士免票。,<strong>植物园开放时间</strong><br /></p><p>5月-10月：5:30-18:30 其余：6:30-18:00<br /></p><p><strong>雨林世界雾森开放时间</strong><br /></p><p>每年10月8日——次年4月30日   9:00—11:00   14:00—16:00<br /></p><p>每年 5月1日——10月7日           8:30—11:00   15:00—17:00,0.0
2350,同安孔庙,501,0.0,64.0,0%,4.7,全年 08:00-17:30,具体收费情况以现场公示为主,0.0
2359,嘉庚楼群,500,1.0,0.0,0%,--,,,0.0
2357,建南大礼堂,499,2.0,20.0,0%,4.7,"周一-周五12:00-14:00,17:00-24:00，其余时间不接待游客（双休日、节假日、寒暑假正常开放）",,0.0
2356,建南楼群,498,1.0,0.0,0%,--,,,0.0
2354,藏经阁,497,2.0,59.0,0%,4.6,3:00-20:00,具体收费情况以现场公示为主,0.0
2351,大悲殿,496,7.0,56.0,0%,4.5,全年 4:00-18:30,进门免费，进殿收取门票3元,0.0
2340,上玄场楼群,495,0.0,50.0,0%,4.5,,无需门票。,0.0
2349,厦门小坪森林公园,494,0.0,11.0,0%,4.3,全年 8:30-17:00,具体收费情况以现场公示为主,0.0
2348,苏颂科技馆,493,0.0,8.0,0%,4.9,全年 8:30-17:30,具体收费情况以现场公示为主,0.0
2347,大轮山公园,492,0.0,19.0,0%,4.8,全年 全天开放,,0.0
2344,湖里公园,489,0.0,118.0,0%,4.6,全年 全天开放,具体收费情况以现场公示为主,0.0
1270,集美后田渔村,488,0.0,0.0,0%,--,全天开放,无需门票,0.0
2341,厦门大学颂恩楼,487,0.0,150.0,0%,4.6,现学校处管制封校，原开放时间：全天开放,现学校处管制封校，原门市价：外观免费参观，颂恩楼内部不对游客开放。,0.0
2338,鼓浪屿中华路,486,0.0,51.0,0%,4.5,全天开放,,0.0
1325,太空飞梭,485,0.0,0.0,0%,--,,,0.0
1324,日东公园,484,0.0,54.0,0%,4.6,全年 全天开放,具体收费情况以现场公示为主,0.0
1323,杏东公园,479,0.0,29.0,0%,4.2,全年 17:00-05:00,具体收费情况以现场公示为主,0.0
2326,宁远楼,478,1.0,36.0,0%,4.4,全天开放（仅限外观）,,0.0
2323,林巧稚纪念馆,477,2.0,29.0,0%,4.8,8:00-18:30；周一闭馆,,0.0
2322,关隘礼拜堂,476,0.0,12.0,0%,4.8,全年 全天开放,具体收费情况以现场公示为主,0.0
1322,集美解放纪念碑,475,1.0,16.0,0%,4.4,全年 全天开放,包含在嘉庚公园门票内,0.0
2317,许家园,474,0.0,15.0,0%,4.6,全年 全天开放,具体收费情况以现场公示为主,0.0
2315,闽南佛学院,473,0.0,14.0,0%,4.4,学院本身不对外开放，南普陀寺的开放时间：外山门3:00-20:00，内山门3:00-18:00。,学院本身不对外开放,0.0
2313,大清厦门一等邮局遗址,471,0.0,40.0,0%,4.6,全年 全天开放,外部参观免费，不可进入,0.0
2312,金山松石,470,0.0,6.0,0%,4.0,全年 8:30-17:30,包含在台湾民俗村门票内,0.0
1278,福州大学厦门工艺美院鼓浪屿校区,459,0.0,11.0,0%,4.2,全天开放,免费开放。,0.0
2309,经济特区纪念馆,458,0.0,49.0,0%,4.7,全年 周一-周六 9:00-16:30,具体收费情况以现场公示为主,0.0
2307,观音寺,457,1.0,50.0,0%,4.6,全年 6:00-22:00,,0.0
2305,殷承宗琴屋,456,0.0,14.0,0%,4.5,7:30-17:30,包含在日光岩的门票内,0.0
2304,厦门牛庄文化馆,455,0.0,27.0,0%,4.7,8:30-12:00，14:00-18:00。,成人票60元；儿童身高1.2米以下免费，军人、残疾人、教师等凭有效证件免票；儿童身高1.2-1.4米、65周岁之间老人（凭老年证或身份证）。,0.0
2303,雄狮瀑布,454,0.0,4.0,0%,4.7,全年 全天开放,具体收费情况以现场公示为主,0.0
2302,数星园休闲区,453,0.0,4.0,0%,3.5,全年 全天开放,具体收费情况以现场公示为主,0.0
2299,鸿渐山,451,1.0,2.0,0%,0.0,全年 全天开放,,0.0
1310,厦门鼓浪屿珍奇世界,449,0.0,0.0,0%,--,全年 09:00-18:00,,0.0
1253,松柏公园,448,1.0,80.0,0%,4.6,全年 全天开放,具体收费情况以现场公示为主,0.0
2298,新街堂,447,1.0,14.0,0%,4.6,全年 全天开放,具体收费情况以现场公示为主,0.0
2296,虎仔山路,446,1.0,10.0,0%,4.7,全年 全天开放,具体收费情况以现场公示为主,0.0
2295,蔡尖尾山,445,0.0,10.0,0%,4.3,全年 全天开放,具体收费情况以现场公示为主,0.0
2294,朝元观,444,0.0,9.0,0%,4.7,全年 全天开放,具体收费情况以现场公示为主,0.0
2293,凤山庙,443,0.0,7.0,0%,,,,0.0
2292,厦门妙法林寺,442,0.0,6.0,0%,4.5,,具体收费情况以现场公示为主,0.0
2291,埭辽水库,440,1.0,47.0,0%,4.4,全年 全天开放,具体收费情况以现场公示为主,0.0
1319,上李水库,439,3.0,22.0,0%,4.7,全年 全天开放,,0.0
2288,陈化成故居,438,1.0,10.0,0%,4.1,,具体收费情况以现场公示为主,0.0
2331,台湾小吃街,436,6.0,369.0,0%,4.4,全年 全天开放,具体收费情况以现场公示为主,0.0
2286,友铭堂大型综合体验馆,435,0.0,3.0,0%,4.4,5月1日-10月31日8:30-22:00；11月1日-次年4月30日8:30-21:00。,88元,0.0
2285,观音山海滨旅游商业街,434,0.0,4.0,0%,4.2,,,0.0
2284,荣光宝藏博物院,433,0.0,9.0,0%,4.7,全年 周三-周六 09:00-17:00,具体收费情况以现场公示为主,0.0
2282,环岛路海滩,431,2.0,36.0,0%,4.6,9:00-23:00,,49.0
2281,海沧大桥牛头山旅游区,429,0.0,2.0,0%,,,,0.0
2270,湖里步行街,428,0.0,1.0,0%,1.0,,具体收费情况以现场公示为主,0.0
2279,新城规划展厅,427,0.0,0.0,0%,1.0,,,0.0
2278,长宏影剧院,425,0.0,0.0,0%,--,,,0.0
2277,厦门市思明区图书馆,422,0.0,39.0,0%,4.7,"全年 周一-周四,周六-周日 08:30-20:30;全年 周五 08:30-12:00",具体收费情况以现场公示为主,0.0
2273,厦门大学校史展览馆,421,0.0,30.0,0%,4.9,全年 周一-周五 12:00-14:00,,0.0
2260,厦门规划展览馆,420,0.0,2.0,0%,4.7,,具体收费情况以现场公示为主,0.0
2267,古龙居住公园,418,0.0,9.0,0%,4.8,全年 全天开放,,0.0
2264,万佛宝塔,417,1.0,2.0,0%,5.0,,具体收费情况以现场公示为主,0.0
2263,武西殿土地公庙,416,0.0,0.0,0%,--,,具体收费情况以现场公示为主,0.0
2262,汉堂美术馆,415,0.0,2.0,0%,5.0,,具体收费情况以现场公示为主,0.0
2261,仁海艺术馆,414,0.0,4.0,0%,4.8,全年 09:30-21:00,具体收费情况以现场公示为主,0.0
2250,基督教两会,413,0.0,1.0,0%,5.0,,具体收费情况以现场公示为主,0.0
2259,陈化成祠,412,0.0,3.0,0%,4.8,,具体收费情况以现场公示为主,0.0
2257,福隆·国际商业步行街,411,0.0,10.0,0%,4.8,,,0.0
2256,苏颂公园,410,0.0,7.0,0%,4.9,,,0.0
2255,万寿塔(东),409,1.0,13.0,0%,4.6,,具体收费情况以现场公示为主,0.0
2254,厦门市同安区科技馆,408,0.0,1.0,0%,0.0,"夏令 周三至周日 上午场 09:00-12:00，12:00停止入场,夏令 周三至周日 下午场 14:30-18:00，18:00停止入场,夏令 周一至周二 全天 固定闭馆,冬令 周三至周日 上午场 09:00-12:00，12:00停止入场,冬令 周三至周日 下午场 13:30-17:30，17:30停止入场,冬令 周一至周二 全天 固定闭馆",,0.0
2253,香山岩寺,407,0.0,27.0,0%,4.7,,具体收费情况以现场公示为主,0.0
2252,延平楼,406,0.0,4.0,0%,4.8,,具体收费情况以现场公示为主,0.0
2251,银湖公园,405,0.0,12.0,0%,4.9,,具体收费情况以现场公示为主,0.0
2240,海洋三所鲸豚展馆,404,0.0,1.0,0%,4.7,全年 15:00-17:00,具体收费情况以现场公示为主,0.0
2249,扬帆公园,403,1.0,1.0,0%,5.0,,具体收费情况以现场公示为主,0.0
1316,陈敬贤墓塔,402,0.0,5.0,0%,4.5,,具体收费情况以现场公示为主,0.0
1241,一国两制沙滩,397,3.0,9.0,0%,4.8,全年 全天开放,具体收费情况以现场公示为主,2288.0
2246,侏罗纪活体恐龙展,396,0.0,4.0,0%,5.0,,,0.0
2245,宝荣通美术馆,395,0.0,0.0,0%,0.0,,具体收费情况以现场公示为主,0.0
2244,厦门国际动漫展,394,0.0,8.0,0%,4.7,,40元,0.0
2243,中华白海豚雕像,393,0.0,2.0,0%,5.0,,,0.0
2242,美仁园,392,0.0,8.0,0%,4.4,全年 全天开放,具体收费情况以现场公示为主,0.0
2230,嘉庚文化广场,390,0.0,8.0,0%,4.8,,具体收费情况以现场公示为主,0.0
2237,三官道院,389,0.0,0.0,0%,--,全年 08:30-17:00,具体收费情况以现场公示为主,0.0
2236,洋麻山森林公园,388,0.0,1.0,0%,4.5,,,0.0
2235,中山公园花展西院,387,0.0,8.0,0%,4.8,全年 8:00-18:00,具体收费情况以现场公示为主,0.0
2234,许通海微雕博物馆,386,0.0,0.0,0%,0.0,全年 09:00-17:00,具体收费情况以现场公示为主,0.0
2233,鹰坑谷民俗文化园,385,0.0,0.0,0%,--,全年 09:00-17:00,具体收费情况以现场公示为主,0.0
2232,圆海宫,384,0.0,0.0,0%,--,,具体收费情况以现场公示为主,0.0
2231,南普陀寺钟楼,383,0.0,12.0,0%,4.3,,,0.0
2228,厦门市动物园,380,0.0,16.0,0%,4.8,全年 08:00-17:30,,0.0
2225,闽南古镇,379,1.0,41.0,0%,4.7,全年 10:00-22:00,,0.0
2224,思明区文化馆,377,0.0,17.0,0%,4.5,,具体收费情况以现场公示为主,0.0
1275,厦门大学科技园,375,0.0,8.0,0%,4.6,现学校处管制封校，原开放时间：全天开放,,0.0
2223,出米岩,374,0.0,0.0,0%,--,,具体收费情况以现场公示为主,0.0
2222,会展步行街,373,0.0,9.0,0%,4.3,全年 9:00-22:00,,0.0
2210,腾邦欣欣旅游产业园,372,0.0,0.0,0%,--,全年 9:30-18:00,具体收费情况以现场公示为主,0.0
2218,开禾路口,371,1.0,16.0,0%,4.7,,具体收费情况以现场公示为主,0.0
2217,厦门儿童公园二期,370,0.0,19.0,0%,4.7,,具体收费情况以现场公示为主,0.0
2215,厦门美术馆(文化馆),369,0.0,2.0,0%,4.7,,,0.0
2214,少年儿童图书馆(文灶馆),368,0.0,23.0,0%,4.7,全年 08:00-18:30,具体收费情况以现场公示为主,0.0
2197,郑年锦图书馆,365,0.0,4.0,0%,4.7,全年 07:00-22:30,具体收费情况以现场公示为主,0.0
2211,自贸公园,364,0.0,1.0,0%,4.3,,具体收费情况以现场公示为主,0.0
2200,俊秀图书馆,363,0.0,2.0,0%,5.0,,具体收费情况以现场公示为主,0.0
2196,苏颂文化广场,362,0.0,0.0,0%,--,,,0.0
2209,苏营皇帝井(皇渡庵),362,0.0,2.0,0%,5.0,全年 全天开放,具体收费情况以现场公示为主,0.0
2208,白交祠,361,0.0,1.0,0%,4.0,,,0.0
2207,七彩池,360,0.0,1.0,0%,4.3,全年 全天开放,具体收费情况以现场公示为主,0.0
2205,金街,357,1.0,12.0,0%,4.6,全年 全天开放,具体收费情况以现场公示为主,0.0
2202,莲塘别墅,355,1.0,1.0,0%,5.0,,具体收费情况以现场公示为主,0.0
2201,集美市民公园,354,0.0,8.0,0%,4.6,,,0.0
2190,24小时自助图书馆(祥店路),353,0.0,12.0,0%,4.8,,具体收费情况以现场公示为主,0.0
2199,少年儿童图书馆,352,0.0,9.0,0%,4.9,全年 周一-周四 09:00-18:00;全年 周日 09:00-20:30,具体收费情况以现场公示为主,0.0
2189,24小时自助图书馆,351,0.0,2.0,0%,--,,,0.0
2194,翔安区图书馆,351,0.0,6.0,0%,4.0,全年 08:00-17:30,具体收费情况以现场公示为主,0.0
2193,厦门大学图书馆·法学分馆,350,0.0,7.0,0%,4.7,,具体收费情况以现场公示为主,0.0
2192,海沧区图书馆,348,0.0,13.0,0%,4.6,全年 08:30-18:00,具体收费情况以现场公示为主,0.0
2180,老院子民俗文化风情园景区,347,0.0,9.0,0%,4.2,全年 08:30-18:30,120元,0.0
2188,筼筜书院,345,0.0,12.0,0%,4.8,,具体收费情况以现场公示为主,0.0
2186,厦门大学图书馆曾厝埯分馆,342,0.0,16.0,0%,4.8,"全年 周三 08:00-14:00,18:00-22:00;全年 周一-周二,周四-周日 08:00-22:00",具体收费情况以现场公示为主,0.0
2175,海沧儿童公园蝴蝶生态园,329,0.0,14.0,0%,4.8,周一-周五9:00-18:00；周六、周日及节假日8:00-18:00。,15元,0.0
1412,牛庄文化园,328,1.0,2.0,0%,4.0,11:30-21:30,,0.0
36,奇达村,328,1.0,11.0,0%,4.5,全年 全天开放,,0.0
4,芙蓉溪(福州天使之泪),327,0.0,0.0,0%,0.0,,具体收费情况以现场公示为主,0.0
1407,观彩楼,323,3.0,34.0,0%,4.5,全天开放（仅限外观）,免费,0.0
1406,欢唱量贩式KTV(湖滨中路店),322,1.0,0.0,0%,--,,32元,0.0
91,福建博物院,321,7.0,171.0,11%,4.4,周二-周日9:00-17:00，16:00停止进场；周一闭馆整修，如遇特殊情况闭馆，则另行公告。,免费,0.0
1404,厦门国际会展中心,320,29.0,164.0,0%,4.6,全年 08:30-18:00,部分展会凭身份证免费办理入场参观证即可入场，个别展会收费情况不一，具体以各展览举办方定价为准，详情可电话咨询。,0.0
54,南后街,319,14.0,229.0,13%,4.6,全年 全天开放,具体收费情况以现场公示为主,0.0
1402,闽台小镇,319,2.0,24.0,0%,4.5,全天开放,免费,0.0
1399,五通灯塔公园,317,5.0,56.0,0%,4.8,全年 全天开放,具体收费情况以现场公示为主,49.0
1393,鹭江道,316,19.0,46.0,0%,4.7,全天,具体收费情况以现场公示为主,0.0
1389,溜溜公社,315,1.0,1.0,0%,0.0,10：30--23：00,,0.0
2183,厦门大学翔安校区-图书馆,315,0.0,14.0,0%,4.9,全年 08:00-00:00,具体收费情况以现场公示为主,0.0
1264,金光湖,314,2.0,107.0,0%,4.3,营业状态调整频繁，建议提前咨询景区。 开放时间：9:00-16:00,具体收费情况以现场公示为主,25.0
1385,博饼民俗园,313,1.0,47.0,0%,4.7,全年 8:00-17:00,成人票60元，学生票（凭学生证）30元,0.0
2182,尚悠海陆空俱乐部,313,0.0,4.0,0%,5.0,全年 11:00-2:00,额外收费，具体费用请咨询景区,0.0
1383,胡里山海滨浴场,312,1.0,103.0,0%,4.6,全年 全天开放,具体收费情况以现场公示为主,0.0
1374,鼓浪石,311,3.0,46.0,0%,4.3,具体开放时间请咨询景区,免费,0.0
1190,海洋梦幻儿童游乐园,310,0.0,3.0,0%,5.0,09:00～21:00开放；,<strong>自驾</strong><br /></p><p>建议驾车前往。,0.0
1373,厦门十二龙潭,309,3.0,8.0,0%,4.2,全年 周一-周五 9:00-16:30;全年 周六-周日 9:00-17:00,包含在北辰山门票内,0.0
1198,温泉博物馆,308,1.0,2.0,0%,4.0,8:00—17:30,免费开放。,0.0
80,罗源湾,307,0.0,1.0,0%,5.0,,,0.0
8,海坛古城,306,10.0,565.0,1%,4.2,1/1-6/30 全天开放 ;7/1-8/31 09:30-18:00;9/1-12/31 全天开放,免费,35.0
1360,鸿山公园,306,8.0,125.0,0%,4.6,全年 全天开放,具体收费情况以现场公示为主,0.0
1367,金榜公园,305,10.0,229.0,0%,4.6,全年 全天开放,具体收费情况以现场公示为主,0.0
1197,中国寿山石馆,305,1.0,2.0,0%,4.0,全年 9:00-17:00,20元,0.0
1194,华侨新村,304,0.0,0.0,0%,--,,50元,0.0
2179,厦门电影制片厂,303,0.0,5.0,0%,4.0,全年 9:30-23:30,具体收费情况以现场公示为主,0.0
1193,榕都318文化创意园,303,0.0,0.0,0%,--,,<strong>公交</strong><br /></p><p>市内可乘坐28路、306路、153路、76路至【光明桥】下。,0.0
194,金鸡山公园,302,2.0,166.0,0%,4.7,全年 6:30-21:30,具体收费情况以现场公示为主,0.0
1180,山利村,301,0.0,0.0,0%,--,全天开放,免费,0.0
1184,王麒故居,300,1.0,0.0,0%,4.0,,<strong>公交</strong><br /></p><p>市内可乘坐22路、55路至【双抛桥(东方百货)】下车<br />,0.0
1355,华侨博物院,300,7.0,146.0,0%,4.4,"全年 周一-周五,周日 09:30-16:30",具体收费情况以现场公示为主,0.0
1353,鼓浪屿日本领事馆旧址,299,3.0,12.0,1%,3.3,,,159.0
1352,仙洞天界寺,298,1.0,46.0,0%,4.7,全年 6:00-18:00,具体收费情况以现场公示为主,0.0
3,飞云峡,298,0.0,22.0,0%,3.7,8:00-17:00，16:00停止入场。,25元,37.0
1182,林觉民冰心故居,297,1.0,53.0,0%,4.4,景区暂时停业，详情请以景区公示为准；原开放时间8:30-17:00,景区暂时停业，详情请以景区公示为准；原门票免费,0.0
1349,华侨亚热带植物引种园,297,1.0,72.0,1%,4.7,7:30—18:00,40元,0.0
1181,青山村,296,0.0,0.0,0%,--,全天开放,免费,0.0
1295,厦门大学芙蓉湖,296,22.0,460.0,2%,4.7,全年 全天开放,免费开放，现阶段学院禁止非本校人员进入。,0.0
2178,长颈鹿书房,295,0.0,3.0,0%,4.7,全年 周二-周日 10:00-21:00,具体收费情况以现场公示为主,0.0
1170,琴江满族村,295,1.0,21.0,0%,3.9,全年 10:00-22:30,具体收费情况以现场公示为主,0.0
1179,天竹村,294,0.0,0.0,0%,--,全天开放,免费,0.0
2177,厦门工人文化宫,293,0.0,11.0,0%,4.7,全年 9:00-21:00,具体收费情况以现场公示为主,0.0
1178,福湖村,293,0.0,0.0,0%,--,全天开放,免费,0.0
1177,孔元村,292,1.0,2.0,0%,0.0,全天开放,免费,0.0
1176,梅雄村,291,0.0,0.0,0%,--,全天开放,免费,0.0
2184,24小时自助图书馆,291,0.0,5.0,0%,4.8,全年 全天开放,具体收费情况以现场公示为主,0.0
2185,同安区少儿图书馆,290,0.0,5.0,0%,4.4,"全年 09:00-12:00,15:00-18:00",具体收费情况以现场公示为主,0.0
1175,新壶村,290,0.0,0.0,0%,--,全天开放,免费,0.0
2203,杰熙帆船游艇,289,0.0,0.0,0%,--,08:30-17:00 周一至周日,,0.0
1173,大喜村,289,0.0,1.0,0%,--,全天开放,免费,0.0
2204,新城市民广场,288,0.0,6.0,0%,4.5,,具体收费情况以现场公示为主,0.0
192,青云山九天瀑布,288,0.0,32.0,0%,4.5,8:00-16:00,35元,0.0
1172,溪口村,287,0.0,0.0,0%,--,全天开放,免费,0.0
2206,桥·空间,287,0.0,3.0,0%,4.3,全年 09:00-21:00,,0.0
2213,福建省鼓浪屿馅饼食品文化博物馆,286,0.0,29.0,0%,4.7,,具体收费情况以现场公示为主,0.0
1169,福州金山公园,286,1.0,1.0,0%,0.0,全天,免费,0.0
1167,清河庐,285,1.0,1.0,0%,0.0,全天,免费,0.0
2216,白鹭洲公园音乐广场,285,1.0,22.0,0%,4.7,,具体收费情况以现场公示为主,0.0
2219,罗扬才烈士陵园,284,0.0,1.0,0%,--,厦门大学现停止接待外来参观人员。,,0.0
1166,颖庐,284,1.0,0.0,0%,0.0,全天,免费,0.0
1162,无逸山庄,283,1.0,0.0,0%,0.0,全天,免费,0.0
1150,宗陶斋,282,1.0,3.0,0%,4.0,9:30-17:30,免费,0.0
2227,津贺杨梅园,281,0.0,0.0,0%,--,全年 9:00-18:00,,0.0
1159,林森公馆,281,1.0,0.0,0%,0.0,,免费,0.0
1158,振庐,280,1.0,1.0,0%,0.0,,,0.0
2238,厦门大学鼓浪屿环岛路,280,0.0,50.0,0%,4.8,全年 全天开放,,338.0
1156,平潭海岛国家森林公园,279,1.0,45.0,0%,3.9,全年 全天开放,具体收费情况以现场公示为主,0.0
2248,风景湖公园,279,0.0,5.0,0%,4.5,,具体收费情况以现场公示为主,0.0
1155,望北台真武庙,278,1.0,0.0,0%,--,,免费,0.0
2258,传世艺宫美术馆,278,0.0,1.0,0%,5.0,全年 09:30-22:00,具体收费情况以现场公示为主,0.0
1317,厦门市图书馆,277,1.0,22.0,0%,4.8,"全年 周五 08:00-12:00;全年 周一-周四,周六-周日 08:00-21:00",,0.0
1154,陶淑女中,277,1.0,0.0,0%,,,,0.0
2265,妈祖像,276,0.0,5.0,0%,4.2,,具体收费情况以现场公示为主,0.0
1152,忠庐,276,1.0,1.0,0%,2.0,,免费,0.0
1151,福州吉庐,275,1.0,1.0,0%,0.0,,免费,0.0
1140,十七孔,274,1.0,2.0,0%,--,全天,免费,0.0
180,闽清白岩山,273,0.0,25.0,0%,4.3,全年 全天开放,具体收费情况以现场公示为主,0.0
1276,宝珠屿,272,0.0,1.0,0%,5.0,,具体收费情况以现场公示为主,0.0
1149,福建省非物质文化遗产博览苑,272,2.0,2.0,0%,5.0,周一闭馆,免费,0.0
2274,厦门市美术馆,271,0.0,20.0,0%,4.6,全年 9:00-17:00,具体收费情况以现场公示为主,0.0
1148,棋盘山,270,1.0,1.0,0%,5.0,全天,免费,0.0
44,乌山,269,12.0,274.0,12%,4.5,全年 全天开放,免费,0.0
1147,宜园,268,1.0,0.0,0%,0.0,全天,免费,0.0
2289,太阳湾海滨游乐场,268,0.0,0.0,0%,0.0,全年 全天开放,具体收费情况以现场公示为主,0.0
1146,董公祠,267,1.0,0.0,0%,--,9:00~18:00,门票20元,0.0
1277,曾溪水库,267,0.0,9.0,0%,4.3,全年 全天开放,具体收费情况以现场公示为主,0.0
1143,白岩寺,266,1.0,0.0,0%,0.0,7:00~17:00,,0.0
2300,延平公园,265,0.0,8.0,0%,4.3,全天开放,,0.0
1142,寿山国家矿山公园,265,0.0,4.0,0%,1.0,全年 9:00-16:00,公园免费开放，寿山石古矿洞门票：90元。,0.0
1139,贵安新天地高尔夫球场,264,1.0,1.0,0%,--,周一至周日8:00-17:50,<strong>公交</strong><br /></p><p>贵安旅游专线1、2、3、4路至【贵安新天地】站即可,0.0
2314,厦门市少儿图书馆中山公园馆,263,0.0,39.0,0%,4.7,全年 周一-周五 12:00-18:30;全年 周六-周日 8:00-18:30,具体收费情况以现场公示为主,0.0
1138,中洲基督教堂,263,1.0,10.0,0%,4.1,,具体收费情况以现场公示为主,0.0
1136,台湾创业园,262,1.0,2.0,0%,--,,,0.0
2316,洪本部巷,262,0.0,7.0,0%,4.4,全年 全天开放,,0.0
1135,平潭一中,261,1.0,1.0,0%,--,,,0.0
2333,耶稣君王堂,261,0.0,3.0,0%,5.0,全天开放（仅限外观）,,0.0
1134,跨境交易中心,259,2.0,2.0,0%,--,,,0.0
1133,柳杉王公园,258,2.0,11.0,0%,4.3,全年 全天开放,具体收费情况以现场公示为主,0.0
2352,大雄宝殿,258,1.0,58.0,0%,4.6,随南普陀寺开放时间：4:30-18:30,进门免费，进殿收取门票3元,0.0
2358,群贤楼群,257,1.0,1.0,0%,2.0,,,0.0
1132,福建省平潭第一中学,257,1.0,1.0,0%,--,,,0.0
188,连江赶海一号亲子滩涂主题乐园,256,0.0,17.0,0%,4.1,01/01-12/31 09:00-21:00,128元,388.0
2380,藤本植物区,256,1.0,0.0,0%,--,<strong>植物园开放时间</strong><br /></p><p>5月-10月：5:30-18:30 其余：6:30-18:00<br /></p><p><strong>雨林世界雾森开放时间</strong><br /></p><p>每年10月8日——次年4月30日   9:00—11:00   14:00—16:00<br /></p><p>每年 5月1日——10月7日           8:30—11:00   15:00—17:00,<strong>票价</strong><br /></p><p>40元<br /></p><p><strong>优惠政策</strong><br /></p><p>1、年满60岁以上老人、全日制在校学生(凭有效学生证件)、凭工会卡及本人身份证（限持卡人本人使用）半票；<br /></p><p>2、身高1.40米以下儿童、年满70周岁以上老人、持厦门市老人优惠证人士、厦门市本地户口年满60周岁以上老人、现役军人、武警官兵、离休干部、残障人士、市级以上劳模、<br /></p><p>厦门市中学、小学、幼儿园组织在校学生团体活动（每日限3000人，重要节假日5000人，请提前与植物园旅游开发科预约）、持有厦门“金鹭英才卡”“银鹭英才卡”的人士免票。,0.0
2392,波浪翻滚,255,1.0,0.0,0%,--,,,0.0
1129,大化山,254,0.0,4.0,0%,4.1,全年 全天开放,具体收费情况以现场公示为主,0.0
2393,海盗船,254,0.0,0.0,0%,--,,,0.0
1326,番婆楼,253,1.0,91.0,0%,4.3,,外观免费参观。,77.8
60,贝里溪蟹谷,253,0.0,0.0,0%,4.6,8:30-18:00,20元,28.0
2396,暴风眼,252,1.0,0.0,0%,--,,,0.0
1127,白云山,251,0.0,0.0,0%,--,,,0.0
1125,石牛山,249,1.0,0.0,0%,--,,,0.0
1121,金水湖山城,248,0.0,0.0,0%,--,,,0.0
1110,余氏宗祠,247,1.0,0.0,0%,--,,,0.0
186,闽江公园,246,0.0,79.0,0%,4.4,全年 全天开放,具体收费情况以现场公示为主,0.0
1116,天生林艺园,245,0.0,0.0,0%,--,,,0.0
1249,鼓浪屿名人蜡像馆,244,9.0,424.0,2%,4.4,01/01-12/31 08:00-18:00,60元,75.0
1114,瑞云塔,244,0.0,0.0,0%,--,,,0.0
1246,曾山,243,7.0,3.0,0%,4.0,全天,免费,0.0
1304,五缘湾游艇服务中心,238,0.0,0.0,0%,4.7,,,0.0
1396,厦门海洋珍稀物种自然保护区,237,2.0,2.0,0%,0.0,全天,免费,0.0
1403,银石牛排馆,234,1.0,0.0,0%,--,,30元,0.0
1100,光禄吟台,234,0.0,0.0,0%,4.0,,,0.0
1369,白鹿洞寺,233,1.0,57.0,0%,4.4,6：00～18：00,具体收费情况以现场公示为主,0.0
1266,水秀广场,232,0.0,0.0,0%,--,,,0.0
1109,陈承裘故居,232,0.0,0.0,0%,--,,,0.0
1108,刘冠雄故居,231,0.0,0.0,0%,--,,,0.0
1392,宋代瓷窑遗址,231,4.0,3.0,0%,0.0,全年 7:00-19:00,具体收费情况以现场公示为主,0.0
1413,集美农林学校旧址,230,0.0,0.0,0%,0.0,,,0.0
1106,天后宫,230,2.0,0.0,0%,5.0,,,0.0
1105,郭柏荫故居,229,1.0,2.0,0%,4.0,9:00-17:00，16:30清场。,10元,0.0
1104,叶氏民居,228,0.0,14.0,0%,4.2,全年 周二-周日 9:00-17:00,,0.0
1103,谢家祠,227,0.0,0.0,0%,3.0,,,0.0
1102,刘齐衔故居,226,0.0,0.0,0%,--,,,0.0
1397,金瓜楼,226,3.0,111.0,0%,4.5,全天开放,免费,0.0
1298,中国唱片博物馆,225,5.0,56.0,0%,4.3,全年 09:00-17:30,免费,43.8
1101,蓝建枢故居,225,1.0,0.0,0%,4.3,9:00-17:00，16:30清场。,具体收费情况以现场公示为主,0.0
1347,厦门大桥,224,9.0,161.0,2%,4.4,全年 全天开放,免费,1329.0
1090,圣箭堂,224,0.0,8.0,0%,4.0,全年 6:30-17:30,包含在涌泉寺门票内,0.0
1379,笔山公园,223,1.0,25.0,0%,4.2,全天开放,免费,0.0
115,北港村石头厝,223,1.0,23.0,0%,4.5,全天开放,,190.0
89,塘屿岛,222,3.0,39.0,0%,4.3,全年 全天开放,10元,0.0
1099,拓福美术馆,221,0.0,0.0,0%,--,全年 9:00-18:00,具体收费情况以现场公示为主,0.0
2191,少年儿童图书馆(东荣社区分馆),221,0.0,2.0,0%,4.0,春季、冬季 周一至周五 08:00-11:30 14:30-17:30 夏季、秋季 周一至周五 08:00-1...,具体收费情况以现场公示为主,0.0
1235,梧村影剧院,220,0.0,0.0,0%,--,,,0.0
1098,摩崖石刻,220,1.0,48.0,0%,4.4,全年 全天开放,,0.0
1097,朱紫坊街区,219,1.0,40.0,0%,4.3,全年 全天开放,具体收费情况以现场公示为主,0.0
1095,五虎礁,218,0.0,8.0,0%,4.6,全年 全天开放,具体收费情况以现场公示为主,0.0
2221,陈嘉庚珍藏文物展,218,0.0,8.0,0%,5.0,10：00——14：30 每周一休息,具体收费情况以现场公示为主,0.0
1094,龙头泉,217,0.0,11.0,0%,4.0,全年 全天开放,具体收费情况以现场公示为主,0.0
2212,老城微展馆,217,0.0,1.0,0%,5.0,,具体收费情况以现场公示为主,0.0
1093,天王殿,216,0.0,8.0,0%,4.5,全年 6:30-17:30,包含在涌泉寺的门票内,0.0
1092,大雄宝殿,215,1.0,9.0,0%,4.3,全年 6:30-17:30,包含在涌泉寺门票内,0.0
2389,雨林世界,215,9.0,2.0,0%,2.0,<strong>植物园开放时间</strong><br /></p><p>5月-10月：5:30-18:30 其余：6:30-18:00<br /></p><p><strong>雨林世界雾森开放时间</strong><br /></p><p>每年10月8日——次年4月30日   9:00—11:00   14:00—16:00<br /></p><p>每年 5月1日——10月7日           8:30—11:00   15:00—17:00,<strong>票价</strong><br /></p><p>40元<br /></p><p><strong>优惠政策</strong><br /></p><p>1、年满60岁以上老人、全日制在校学生(凭有效学生证件)、凭工会卡及本人身份证（限持卡人本人使用）半票；<br /></p><p>2、身高1.40米以下儿童、年满70周岁以上老人、持厦门市老人优惠证人士、厦门市本地户口年满60周岁以上老人、现役军人、武警官兵、离休干部、残障人士、市级以上劳模、<br /></p><p>厦门市中学、小学、幼儿园组织在校学生团体活动（每日限3000人，重要节假日5000人，请提前与植物园旅游开发科预约）、持有厦门“金鹭英才卡”“银鹭英才卡”的人士免票。,0.0
1091,法堂,214,0.0,10.0,0%,4.0,全年 6:30-17:30,包含在涌泉寺门票内,0.0
2187,同安图书馆,213,0.0,7.0,0%,4.8,全年 周一-周四 09:00-17:00;全年 周五 08:00-12:00;全年 周六-周日 08:00-20:00,,0.0
1080,俄国领事馆,213,0.0,3.0,0%,0.0,,具体收费情况以现场公示为主,0.0
1089,香积厨,212,0.0,8.0,0%,4.5,全年 6:30-17:30,包含在涌泉寺门票内,0.0
2283,旧雨今来轩画廊,212,0.0,6.0,0%,4.8,,,0.0
1088,藏经殿,211,0.0,12.0,0%,4.4,全年 6:30-17:30,包含在涌泉寺门票内,0.0
2269,巴黎广场步行街,210,0.0,21.0,0%,4.7,,,0.0
1087,乌塔,210,1.0,115.0,0%,4.4,全年 全天开放,,0.0
2195,新店文化广场,209,0.0,3.0,0%,4.4,,具体收费情况以现场公示为主,0.0
1086,辛亥革命纪念馆,209,0.0,34.0,0%,4.5,全年 全天开放,具体收费情况以现场公示为主,0.0
2308,厦门航天测控站,208,0.0,6.0,0%,5.0,全年 8:00-18:00,具体收费情况以现场公示为主,0.0
1085,英国领事馆,208,1.0,2.0,0%,4.5,,具体收费情况以现场公示为主,0.0
1084,前美国领事馆,207,0.0,5.0,0%,4.4,全年 09:00-17:00,具体收费情况以现场公示为主,0.0
1285,五缘湾湿地公园,207,46.0,301.0,0%,4.7,全天开放,免费,49.0
1083,西班牙领事馆,206,0.0,1.0,0%,0.0,,具体收费情况以现场公示为主,0.0
2297,锄山村,205,0.0,6.0,0%,4.6,全年 全天开放,,0.0
1082,葡萄牙领事馆,204,0.0,7.0,0%,5.0,,具体收费情况以现场公示为主,0.0
1220,天竺山森林公园,204,2.0,126.0,0%,4.4,6月-10月8:00-17:30，11月-次年5月8:30-17:00,70元,78.0
1081,德国领事馆,203,0.0,3.0,0%,4.5,,具体收费情况以现场公示为主,0.0
1070,长安山公园,202,0.0,17.0,0%,4.3,全年 全天开放,,0.0
2290,普光寺,200,0.0,2.0,0%,4.9,全年 8:00-17:00,具体收费情况以现场公示为主,0.0
1079,日本领事馆,200,0.0,6.0,0%,3.7,,具体收费情况以现场公示为主,0.0
2335,磨鑫山,198,0.0,28.0,0%,4.5,全年 全天开放,具体收费情况以现场公示为主,0.0
182,海坛天神,198,2.0,29.0,0%,4.4,全年 9:00-18:00,40元,30.0
1076,南寨山景区,197,0.0,9.0,0%,4.7,全年 8:00-18:00,具体收费情况以现场公示为主,0.0
1075,白马河公园,196,0.0,44.0,0%,4.4,全年 全天开放,具体收费情况以现场公示为主,0.0
2390,百花厅荫棚,196,0.0,0.0,0%,--,<strong>植物园开放时间</strong><br /></p><p>5月-10月：5:30-18:30 其余：6:30-18:00<br /></p><p><strong>雨林世界雾森开放时间</strong><br /></p><p>每年10月8日——次年4月30日   9:00—11:00   14:00—16:00<br /></p><p>每年 5月1日——10月7日           8:30—11:00   15:00—17:00,<strong>票价</strong><br /></p><p>40元<br /></p><p><strong>优惠政策</strong><br /></p><p>1、年满60岁以上老人、全日制在校学生(凭有效学生证件)、凭工会卡及本人身份证（限持卡人本人使用）半票；<br /></p><p>2、身高1.40米以下儿童、年满70周岁以上老人、持厦门市老人优惠证人士、厦门市本地户口年满60周岁以上老人、现役军人、武警官兵、离休干部、残障人士、市级以上劳模、<br /></p><p>厦门市中学、小学、幼儿园组织在校学生团体活动（每日限3000人，重要节假日5000人，请提前与植物园旅游开发科预约）、持有厦门“金鹭英才卡”“银鹭英才卡”的人士免票。,0.0
1074,光明港公园,195,0.0,72.0,0%,4.4,全年 全天开放,具体收费情况以现场公示为主,0.0
2320,弘一大师纪念园,195,0.0,23.0,0%,4.6,7:30-17:30,包含在日光岩景区门票内,0.0
1333,圣妈宫,194,3.0,6.0,2%,4.8,,具体收费情况以现场公示为主,0.0
1072,冰心公园,193,0.0,24.0,0%,4.6,全年 全天开放,,0.0
1071,八·一七公园,192,0.0,1.0,0%,5.0,全年 全天开放,,0.0
2342,南普陀寺放生池,192,0.0,168.0,0%,4.5,包含于南普陀寺内，南普陀寺开放时间5:00-18:00，景点开放时间详见景区公示。,,0.0
1067,福庐山公园,191,1.0,33.0,0%,4.3,全年 全天开放,具体收费情况以现场公示为主,0.0
1328,郑成功雕像,191,6.0,8.0,0%,4.2,全天,免费,0.0
2343,野山谷生态乐园,190,0.0,113.0,0%,4.2,冬季8:00-16:00，夏季8:00-16:30,50元,45.0
17,石竹山风景区,189,1.0,262.0,0%,4.5,全年 06:30-17:30,25元,6.0
1315,寨遗址,189,0.0,3.0,0%,5.0,,具体收费情况以现场公示为主,0.0
2198,厦门图书馆(杏林分馆),188,0.0,10.0,0%,4.9,"全年 周五 08:00-12:00;全年 周一-周四 12:00-18:00;全年 周六-周日 08:00-12:00,14:30-17:30",,0.0
2220,联发华美空间,187,3.0,21.0,0%,4.7,,,0.0
1066,北斗洋风景区,187,0.0,7.0,0%,1.0,全年 8:00-17:00,108元,0.0
2247,南尾井,186,0.0,0.0,0%,0.0,,具体收费情况以现场公示为主,0.0
1065,南江滨堤外公园,186,0.0,21.0,0%,4.6,全年 全天开放,具体收费情况以现场公示为主,0.0
1063,下沙,185,1.0,32.0,0%,3.8,全年 全天开放,具体收费情况以现场公示为主,0.0
179,绿色农城彩虹小镇,184,0.0,4.0,0%,4.4,10:00-16:30,60元,70.0
2268,前埔健身公园,184,0.0,34.0,0%,4.8,全年 全天开放,具体收费情况以现场公示为主,0.0
1321,集美礼拜堂,183,0.0,13.0,0%,4.9,全年 全天开放,具体收费情况以现场公示为主,0.0
47,林则徐纪念馆,183,10.0,290.0,17%,4.7,8:30-17:00 (16:30停止入场),凭借身份证或其他有效证件进行登记后，领取免费参观券。,0.0
2361,南校门,182,2.0,0.0,0%,--,周一至周五：12:00-14:00，以及17:00以后。其中在12-14点时段，每天参观人数封顶1000人，大南校门700人，群贤校门300人。<br /></p><p>周六、日全天开放，需凭身份证登记进入。,,0.0
1050,翠园,182,1.0,21.0,0%,4.2,全年 全天开放,具体收费情况以现场公示为主,0.0
1059,福建省科技馆,181,0.0,62.0,0%,4.4,周三-周日9:00-17:00，16:30停止入场，每周一、周二闭馆，节假日闭馆时间另行通知。,参观人员在领票处领票 入场。,0.0
2363,骆驼峰,181,0.0,0.0,0%,--,<strong>植物园开放时间</strong><br /></p><p>5月-10月：5:30-18:30 其余：6:30-18:00<br /></p><p><strong>雨林世界雾森开放时间</strong><br /></p><p>每年10月8日——次年4月30日   9:00—11:00   14:00—16:00<br /></p><p>每年 5月1日——10月7日           8:30—11:00   15:00—17:00,<strong>票价</strong><br /></p><p>40元<br /></p><p><strong>优惠政策</strong><br /></p><p>1、年满60岁以上老人、全日制在校学生(凭有效学生证件)、凭工会卡及本人身份证（限持卡人本人使用）半票；<br /></p><p>2、身高1.40米以下儿童、年满70周岁以上老人、持厦门市老人优惠证人士、厦门市本地户口年满60周岁以上老人、现役军人、武警官兵、离休干部、残障人士、市级以上劳模、<br /></p><p>厦门市中学、小学、幼儿园组织在校学生团体活动（每日限3000人，重要节假日5000人，请提前与植物园旅游开发科预约）、持有厦门“金鹭英才卡”“银鹭英才卡”的人士免票。,0.0
1058,新华创意园,180,0.0,6.0,0%,4.0,,具体收费情况以现场公示为主,0.0
113,目屿岛,179,0.0,25.0,0%,4.3,全年 全天开放,具体收费情况以现场公示为主,0.0
1053,董奉山,178,0.0,3.0,0%,5.0,全年 全天开放,具体收费情况以现场公示为主,0.0
64,将军山,177,3.0,31.0,0%,4.5,6月1日-9月30日8:00-18:00，17:00停止进入；10月1日-次年5月31日8:00-17:30，16:30停止进入。,10元,18.9
1287,海上明珠观光塔,176,2.0,90.0,0%,4.5,夏令时（4月-10月）参观时间8:00-21:00（20:00停止售票），冬令时（11月-12月、1月-3月）参观时间8:00-19:00（18:30停止售票）。,15元,50.0
1046,兔耳山农业观光园,176,0.0,30.0,0%,4.6,全年 8:00-18:00,具体收费情况以现场公示为主,0.0
1357,英国领事馆旧址,175,4.0,11.0,1%,3.0,,免费,129.0
1045,中坡炮台,174,1.0,14.0,0%,4.6,8:30-12:00，13:30-17:30（16:30停止发票，17:20清场），农历除夕日闭馆一天。,免费但不免票，每天限量参观券不超过500张,0.0
1350,狮山,174,4.0,121.0,1%,4.7,全年 6:00-18:00,具体收费情况以现场公示为主,0.0
1368,不在书店,173,29.0,38.0,1%,3.8,10:00-22:00,45元,0.0
1041,连江县烈士陵园,172,0.0,32.0,0%,4.3,全年 全天开放,具体收费情况以现场公示为主,0.0
1038,名山室,171,0.0,4.0,0%,3.9,全年 全天开放,,0.0
1331,百年鼓浪屿博物馆,171,1.0,3.0,0%,0.0,8:00-18:00,60元,88.0
2266,谦记古美术馆,170,0.0,4.0,0%,4.3,,具体收费情况以现场公示为主,0.0
2397,决战金山寺,169,1.0,0.0,0%,--,,,0.0
2272,花展馆,168,0.0,1.0,0%,4.5,,具体收费情况以现场公示为主,0.0
1033,青观顶石林,167,1.0,2.0,0%,0.0,全年 全天开放,具体收费情况以现场公示为主,0.0
1023,柯屿村,166,0.0,3.0,0%,2.5,全年 全天开放,具体收费情况以现场公示为主,0.0
2275,厦门图书馆(鼓浪屿分馆),166,0.0,27.0,0%,4.7,,,0.0
1022,林则徐墓,165,0.0,4.0,0%,4.8,平时实行封闭式管理，并不对外开放，只在每年的清明节才允许林家后人及游客前来扫墓。,具体收费情况以现场公示为主,0.0
1021,象峰崇福寺,164,1.0,1.0,0%,4.6,,具体收费情况以现场公示为主,0.0
1019,九龙寺,163,0.0,3.0,0%,4.0,全年 8:30-17:00,具体收费情况以现场公示为主,0.0
1301,鼓浪屿邮电支局,162,1.0,8.0,0%,3.4,9:00-18:00,,0.0
1018,欧冶池,162,0.0,11.0,0%,4.2,全年 全天开放,具体收费情况以现场公示为主,0.0
1017,冶山,161,0.0,19.0,0%,4.5,全年 全天开放,具体收费情况以现场公示为主,0.0
1015,七彩瀑谷,160,1.0,8.0,0%,4.8,全天开放,包含于福州云顶景区门票内，通用于福州云顶景区门票。,0.0
1303,鲁迅纪念馆,160,8.0,111.0,0%,4.6,全年 8:30-17:00,4元,0.0
1011,玉华寺,159,0.0,4.0,0%,4.0,,具体收费情况以现场公示为主,0.0
2442,泉州东西塔,159,2.0,102.0,2%,4.8,全年 8:00-17:30,免费,0.0
1009,蒲竺寺,158,0.0,9.0,0%,4.0,全年 9:00-17:00,具体收费情况以现场公示为主,0.0
1380,华新路,158,38.0,86.0,0%,4.7,全年 全天开放,具体收费情况以现场公示为主,0.0
2487,关岳庙,158,10.0,188.0,11%,4.5,全年 05:30-19:00,具体收费情况以现场公示为主,268.0
2533,得月楼,157,1.0,1.0,0%,0.0,全天,免费,0.0
2395,飞越极限,157,1.0,0.0,0%,--,,,0.0
1008,林则徐广场公园,157,0.0,16.0,0%,3.8,全年 全天开放,具体收费情况以现场公示为主,0.0
1254,厦门老院子景区,156,4.0,220.0,0%,4.2,01/01-12/31 09:00-18:00,120元/人-719元/人,95.5
1006,白泉寺,156,0.0,3.0,0%,3.8,,,0.0
171,黄歧半岛,155,0.0,10.0,0%,4.8,全年 全天开放,,0.0
1002,马岚山,153,0.0,0.0,0%,0.0,全年 全天开放,具体收费情况以现场公示为主,0.0
999,闽侯旗山森林公园,151,0.0,10.0,0%,4.8,8:00-17:00，16:30停止入场。,,0.0
2345,厦门海沧大桥旅游区,151,0.0,158.0,0%,4.6,全年 全天开放,具体收费情况以现场公示为主,190.0
1362,复兴堂,150,2.0,3.0,0%,4.2,全天开放（仅限外观）,,0.0
1346,龙舟池,149,22.0,136.0,2%,4.5,全年 8:00-18:00,免费,328.0
996,神光寺,147,0.0,0.0,0%,5.0,,具体收费情况以现场公示为主,0.0
995,金水湖,145,0.0,1.0,0%,5.0,全年 全天开放,,0.0
230,灵岩寺,144,1.0,2.0,0%,0.0,,,0.0
239,化民后巷,144,0.0,0.0,0%,0.0,,,0.0
238,福州文庙,143,1.0,40.0,0%,4.3,全年 8:30-17:00,免费,0.0
2346,中岩玉笏,143,0.0,2.0,0%,5.0,6:30-18:00,,0.0
236,福州四乐轩古屋,142,1.0,6.0,0%,4.8,全年 8:00-18:00,具体收费情况以现场公示为主,0.0
234,石竹湖,141,1.0,17.0,0%,4.4,全年 全天开放,免费,0.0
1388,厦门国防教育展览馆,141,1.0,7.0,0%,,,,0.0
134,福州永泰鸟语林,140,0.0,0.0,0%,1.0,,,0.0
1386,泰慢,139,1.0,1.0,0%,0.0,,134元,0.0
233,陈文龙纪念馆,139,0.0,21.0,0%,4.6,全年 全天开放,具体收费情况以现场公示为主,0.0
133,闽江,138,1.0,129.0,0%,4.6,全年 全天开放,具体收费情况以现场公示为主,0.0
1221,菽庄花园,137,137.0,2261.0,48%,4.6,6/1-9/30 08:00-18:00;10/1-5/31 08:00-17:30,30元,30.0
231,西湖影剧院,137,0.0,0.0,0%,--,10:00-24:00,26元,0.0
2355,钟林美广场,136,0.0,0.0,0%,2.0,,,0.0
131,显应宫,136,1.0,88.0,0%,4.2,7:00-17:00,25元,2.5
227,福建省冰心文学馆,135,1.0,15.0,0%,4.3,全年 周二-周日 9:00-16:30;全年 周一 全天不开放,具体收费情况以现场公示为主,0.0
2336,局口街,135,3.0,77.0,0%,4.6,全年 全天开放,,0.0
226,畲族馆,134,1.0,0.0,0%,4.0,全年 09:00-17:00,50元,0.0
1361,黑糖(顶澳仔店),133,1.0,1.0,0%,0.0,,39元,0.0
2430,石龙谷森林游乐园,133,1.0,57.0,0%,4.5,9:00-18:00,40元,50.0
225,定光寺,132,1.0,52.0,1%,4.6,全年 8:00-17:00,具体收费情况以现场公示为主,0.0
221,壶江岛,131,1.0,5.0,0%,4.2,全年 全天开放,,0.0
210,三叠井森林公园,130,3.0,45.0,0%,4.5,9:00-17:30 ，17:00停止入场；具体开放时间详见景区现场公示。,具体收费情况以现场公示为主,0.0
219,邓拓故居,129,1.0,16.0,0%,4.4,全年 周二-周日 9:00-17:00,具体收费情况以现场公示为主,0.0
215,五虎山,128,1.0,35.0,0%,4.7,全年 全天开放,具体收费情况以现场公示为主,0.0
1242,八怪谷,128,0.0,0.0,0%,--,,,0.0
1229,蔡尖尾山公园,127,0.0,8.0,0%,4.5,全年 全天开放,具体收费情况以现场公示为主,0.0
214,福州望龙台公园,127,1.0,33.0,0%,4.1,全年 全天开放,具体收费情况以现场公示为主,0.0
2398,丛林的故事,126,1.0,0.0,0%,--,,,0.0
2465,六胜塔,126,4.0,39.0,1%,4.3,全年 全天开放,5元,0.0
213,福州马江海战纪念馆,126,2.0,35.0,0%,4.4,8:30-12:00，13:30-17:30（16:30停止发票，17:20清场），农历除夕日闭馆一天。,免费但不免票，每天限量参观券不超过500张。,0.0
1351,延平故垒,125,2.0,32.0,1%,4.5,全年 6:00-20:00,10元,0.0
2464,桃仙溪景区桃花岛,122,0.0,20.0,0%,3.8,8:00-17:30。,100元,0.0
2435,天后宫,121,12.0,204.0,23%,4.5,全年 07:00-18:00,具体收费情况以现场公示为主,268.0
2394,空中飞舞,121,0.0,0.0,0%,--,,,0.0
2176,港头公益图书馆,119,1.0,3.0,0%,4.7,全年 09:00-19:00,,0.0
2353,天王殿,118,1.0,68.0,0%,4.7,景区暂时停业，具体详情以景区公示为准；原开放时间：包含于南普陀寺景区，景区开放时间：外山门3:00-20:00，内山门3:00-18:00。，景点开放时间详见景区现场公示.,进门免费，进殿收取门票3元,0.0
125,榕城古街,118,2.0,80.0,0%,4.1,全年 全天开放,具体收费情况以现场公示为主,0.0
124,百祭沟,117,1.0,1.0,0%,4.0,,,0.0
207,马尾造船厂船史纪念馆,116,2.0,28.0,0%,4.5,全天,具体收费情况以现场公示为主,0.0
2431,中国闽台缘博物馆,116,3.0,104.0,8%,4.5,9:00-17:00（16:30关闭入场），每周一全天闭馆，除法定节假日外；若遇特殊情况，开放时间将会另行公告。,参观讲解都免费,0.0
40,福州动物园,115,3.0,96.0,0%,4.3,全年 08:00-18:00,具体收费情况以现场公示为主,198.0
206,喝水岩,114,2.0,16.0,5%,4.0,全年 全天开放,具体收费情况以现场公示为主,0.0
122,华林寺,113,1.0,45.0,2%,4.3,9:00-17:00，周一闭馆。,具体收费情况以现场公示为主,0.0
204,吉庇巷,112,2.0,65.0,1%,4.4,景区本身全天开放，里面大部分的小景点开放时间为8:30-17:00。,四季皆宜,0.0
203,安民巷,111,2.0,47.0,1%,4.3,景区本身全天开放，里面大部分的小景点开放时间为8:30-17:00。,三坊七巷本身是一个区域，如果你只是逛逛吃吃小吃，外观下建筑，无需门票。但是里面出名的景点需要购买套票，套票费用120元，包含三坊七巷中二梅书屋、小黄楼、水榭戏台、林聪彝故居、严复故居、王麟故居、谢家祠、刘家大院、郭柏荫故居、鄢家花厅、尤氏民居、刘齐衔故居、周哲文艺术馆等13处景点的联票。也可以单独购买小门票，具体可以查看官网http://www.sfqx.gov.cn/,0.0
202,杨桥巷,110,3.0,46.0,1%,4.5,景区本身全天开放，里面大部分的小景点开放时间为8:30-17:00。,如果只是逛逛吃吃小吃，外观下建筑，无需门票。但是里面出名的景点需要购买套票，套票费用120元，包含三坊七巷中二梅书屋、小黄楼、水榭戏台、林聪彝故居、严复故居、王麟故居、谢家祠、刘家大院、郭柏荫故居、鄢家花厅、尤氏民居、刘齐衔故居、周哲文艺术馆等13处景点的联票。也可以单独购买小门票，具体可以查看官网http://www.sfqx.gov.cn/,0.0
110,北茭村,109,1.0,14.0,0%,4.6,全年 全天开放,具体收费情况以现场公示为主,0.0
93,福州市博物馆,108,3.0,64.0,0%,4.4,全年 周二-周日 09:00-17:00,免费,0.0
190,马厂街,107,1.0,1.0,0%,0.0,全天,免费,0.0
1356,景州乐园,107,2.0,4.0,0%,2.5,7:00—19:00,68元,0.0
2484,姑嫂塔,106,5.0,147.0,2%,,,,0.0
1390,美国领事馆旧址,106,1.0,21.0,0%,4.1,全天开放,,0.0
56,北部玻璃栈道,105,0.0,1.0,0%,4.2,,,0.0
119,光禄坊,104,3.0,73.0,2%,4.5,全年 全天开放,免费,0.0
1332,华侨大学,104,4.0,48.0,0%,4.6,全年 全天开放,景区暂时停业，详情请以景区公示为准；原门票免费。,0.0
1318,不争公园,104,0.0,17.0,0%,4.6,全年 全天开放,具体收费情况以现场公示为主,0.0
2483,五塔岩风景区,103,0.0,23.0,0%,4.4,,5元,0.0
169,金岚山,103,0.0,2.0,0%,4.5,全年 全天开放,具体收费情况以现场公示为主,0.0
997,水谷瑶民俗景区,102,0.0,1.0,0%,1.5,8:00-18:00,具体收费情况以现场公示为主,0.0
2271,世纪画廊,102,0.0,0.0,0%,--,,,0.0
1061,福州大学,101,0.0,73.0,0%,4.6,全年 全天开放,,0.0
2527,草庵寺,101,0.0,52.0,0%,4.5,全年 08:00-17:00,具体收费情况以现场公示为主,0.0
1107,二梅书屋,99,2.0,19.0,0%,4.1,"全年 周一,周三-周日 09:00-17:00",,0.0
2241,火炬公园,99,0.0,13.0,0%,4.8,全年 全天开放,具体收费情况以现场公示为主,0.0
1394,Cantone,97,1.0,0.0,0%,--,,42元,0.0
1119,黄檗山风景区,97,0.0,0.0,0%,--,,,0.0
1265,德安古堡,96,0.0,36.0,0%,3.6,9:30-17:00,15元,27.9
1122,猴屿洞天岩,96,1.0,4.0,0%,4.1,全天开放,50元,28.0
1137,鲁贻图书馆,95,1.0,0.0,0%,--,,,0.0
2280,后溪镇油菜花,95,0.0,1.0,0%,1.0,,,0.0
1145,北茭鼻,94,1.0,0.0,0%,0.0,全天,免费,0.0
71,长乐海西动漫之都,93,0.0,0.0,0%,--,,,0.0
1348,海沧大桥,93,15.0,37.0,1%,4.6,全年 全天开放,海沧大桥旅游区60元/人,0.0
1153,福州可园,92,1.0,0.0,0%,0.0,,免费,0.0
191,月洲村,91,1.0,1.0,0%,5.0,全天开放,免费,0.0
1183,水榭戏台,90,3.0,23.0,0%,4.1,9:00-17:00，16:30清场。,20元,0.0
2330,五缘湾海水浴场,89,0.0,27.0,0%,4.5,7:00-11:30，13:00-21:30,70元,0.0
1334,台湾民俗村,89,32.0,327.0,0%,4.0,全年 8:30-17:30,68元,0.0
1187,黄楮林自然保护区,89,0.0,5.0,0%,4.4,全年 9:00-15:00,成人价38元；1.3米以下儿童免票。,0.0
1196,林森故居,88,1.0,1.0,0%,0.0,,四季皆宜。,0.0
1372,英雄三岛,88,3.0,49.0,0%,4.6,全年 8:00-18:00,具体收费情况以现场公示为主,38.0
2339,水操台,87,1.0,35.0,0%,,,,0.0
2482,灵源寺,87,1.0,39.0,0%,4.7,,具体收费情况以现场公示为主,0.0
52,仓山旧领事馆区遗址,87,3.0,16.0,0%,4.5,全年 全天开放,免费,0.0
1223,猫咪博物馆,86,97.0,170.0,0%,4.2,全年 11:30-20:00,免费,0.0
2334,敬贤公园,86,1.0,55.0,0%,4.4,全年 全天开放,具体收费情况以现场公示为主,0.0
2329,陈嘉庚纪念馆,85,1.0,58.0,0%,4.6,全年 周二-周日 09:00-17:00,,0.0
118,中国船政文化博物馆,85,3.0,38.0,0%,4.4,全年 周二-周日 09:00-17:00;全年 周一 全天不开放,凭有效证件领票免费参观。,0.0
2328,原日本领事馆,84,0.0,9.0,0%,4.7,全天开放（仅限外观参观）,不对外开放，可外围参观。,0.0
205,黄巷,84,2.0,68.0,1%,4.5,全天开放,公交：福州市区乘坐117路、159路、121路、11路、66路等车到“南街”站下，步行3分钟可达<br />,0.0
1382,苏颂故居,83,1.0,24.0,0%,4.8,全年 8:00-17:30,9元,0.0
121,塔巷,83,2.0,70.0,1%,4.6,全天开放,,0.0
1279,厦门音乐广场,83,18.0,165.0,0%,4.6,全年 全天开放,具体收费情况以现场公示为主,0.0
217,姬岩风景区,82,0.0,10.0,0%,3.8,全年 6:00-18:00,20元,0.0
2327,原英国领事馆,82,1.0,18.0,0%,4.6,,,0.0
1250,厦门市鼓浪屿风景名胜区-天主教堂,82,0.0,1.0,0%,4.7,,,0.0
2325,厦门理工学院,81,1.0,45.0,0%,4.5,全天开放（防疫期间仅校内工作人员通行，不接待校外人员入校参观游览）。,防疫期间仅校内工作人员通行，不接待校外人员入校参观游。,0.0
1296,鼓浪屿龙头路,81,192.0,127.0,5%,4.6,全天,免费开放,179.0
199,郎官巷,81,2.0,73.0,3%,4.6,全天开放，里面大部分小景点开放时间为8:30-17:00，详情请见景区公示,景区免费进入，内部部分景点需另收费，详情请见景区内公示,0.0
2324,福建路,80,1.0,22.0,0%,4.7,全天开放,,0.0
2321,滨海大道,79,2.0,29.0,0%,4.6,全年 全天开放,具体收费情况以现场公示为主,0.0
208,金刚腿,79,2.0,48.0,0%,4.4,全年 全天开放,免费,0.0
2310,英雄山,78,1.0,4.0,0%,4.8,9:00-17:00,包含于日光岩门票内，鼓浪屿核心景点套票也包含此景点，票价100元。,0.0
2319,林屋,77,0.0,10.0,0%,4.8,全天开放（仅限外观）,,0.0
200,达摩洞十八景,76,2.0,31.0,7%,4.3,全年 10:00-16:00,具体收费情况以现场公示为主,0.0
2440,泉州伊斯兰教圣墓,76,5.0,25.0,7%,4.2,全年 7:00-19:00,15元,0.0
2318,陈士京墓,76,0.0,2.0,0%,4.7,全天开放,,0.0
201,文儒坊,75,3.0,84.0,2%,4.5,全天开放,免费,0.0
2311,杉际内,75,0.0,2.0,0%,0.0,全年 全天开放,具体收费情况以现场公示为主,0.0
1195,青年会广场,74,0.0,0.0,0%,--,,<strong>公交</strong><br /></p><p>市内可乘坐79路、19路、66路至【中亭街口】下。,0.0
2517,洞上陶艺村,74,1.0,4.0,0%,5.0,全年 8:00-18:00,具体收费情况以现场公示为主,0.0
1262,内厝澳路,74,7.0,7.0,0%,5.0,全天,免费,0.0
2306,龙源宫,74,0.0,13.0,0%,4.7,全年 全天开放,具体收费情况以现场公示为主,0.0
2301,佛心寺,73,0.0,2.0,0%,0.0,,具体收费情况以现场公示为主,0.0
2470,魁星岩,73,0.0,0.0,0%,--,,5元,0.0
1044,百骑将军榕,73,0.0,2.0,0%,,,,0.0
1378,孔庙,72,2.0,1.0,0%,4.0,8:00～11:30 15:00～17:30,4元,0.0
2337,集美中学,71,3.0,46.0,0%,4.6,,无需门票。,0.0
170,升山寺,70,1.0,5.0,0%,4.5,7:00-16:00，有时延至17:00。,,0.0
2547,罗裳村,70,0.0,0.0,0%,--,,,0.0
2546,桫椤谷激情漂流,69,0.0,0.0,0%,--,8:00-17:30,158元,0.0
1411,观天下闽台宗祠博物馆,69,0.0,0.0,0%,--,,,0.0
187,兔耳山风景区,69,0.0,0.0,0%,--,,,0.0
2541,郑成功陵墓,68,1.0,22.0,1%,4.8,全年 08:00-17:30,具体收费情况以现场公示为主,0.0
220,中国近代海军博物馆,68,1.0,1.0,0%,3.5,"7:30-18:30(旺季),8:30-17:30(淡季）","通票60元(含潜水艇参观),普通门票50元",0.0
232,蝙蝠山,67,0.0,0.0,0%,--,,,0.0
2414,五店市传统街区,67,1.0,505.0,2%,4.6,全天开放,具体收费情况以现场公示为主,278.0
1409,古避暑洞,66,4.0,35.0,0%,4.6,具体开放时间请咨询景区,包含在日光岩景区门票内。,0.0
2469,泉州市舶司遗址,66,0.0,3.0,0%,4.5,,具体收费情况以现场公示为主,0.0
2460,泉州之眼摩天轮,66,0.0,59.0,0%,4.5,10:00-22:30,70元,49.9
1192,漆空间,66,0.0,0.0,0%,--,,<strong>公交</strong><br /></p><p>市内可乘坐86路至【大富山】下，步行即可。,0.0
2239,心和美术园,65,0.0,0.0,0%,0.0,,具体收费情况以现场公示为主,0.0
129,金牛山公园,65,1.0,92.0,0%,4.4,全年 全天开放,具体收费情况以现场公示为主,0.0
1408,龙头山寨遗址,65,1.0,1.0,0%,4.0,全天,免费,0.0
1290,东方鱼骨艺术馆,64,1.0,93.0,0%,4.7,全年 全天开放,60元,0.0
1185,丰达生态农庄,64,0.0,3.0,0%,3.5,全年 全天开放,98元,0.0
1160,梅城森林公园,63,1.0,2.0,0%,5.0,全天,免费,0.0
1401,厦门清真寺,63,1.0,2.0,0%,5.0,全天,免费,0.0
1113,百丈龙潭,62,0.0,0.0,0%,--,,,0.0
1398,汀溪水库,62,3.0,12.0,0%,4.0,全年 全天开放,具体收费情况以现场公示为主,419.0
1384,1号海岸沙滩音乐餐厅,61,4.0,0.0,0%,--,,147元,0.0
1395,梅海岭,61,8.0,34.0,0%,4.8,全年 全天开放,具体收费情况以现场公示为主,0.0
3346,大地土楼群,60,0.0,22.0,0%,4.4,8:00-17:00,具体收费情况以现场公示为主,0.0
1371,筼筜湖,60,13.0,106.0,0%,4.7,全年 全天开放,具体收费情况以现场公示为主,0.0
1387,陈嘉庚纪念胜地,60,1.0,142.0,0%,4.7,全年 8:00-18:30,成人票：30元。半价票：15元，适用于国内教师（凭教师证）、国内全日制大学本科及以下学历学生个人参观（须提供本人学生证）。贵宾票：10元，持厦门市集美学校委员会参观凭证的。免费：现役军人、残障人士、离休人员；70周岁以上老人；未满18周岁的未成年人（1.4米以上要提供有效证件）；省级以上劳模、道德模范；大中小学校学生集体参观（提供本人学生证和学校集体参观证明）。,0.3
1299,王艺大师素描,59,3.0,0.0,0%,--,,,0.0
4004,承启楼,58,9.0,183.0,19%,,,,0.0
1377,火烧屿,58,1.0,7.0,0%,4.2,全年 9:00-16:00,具体收费情况以现场公示为主,0.0
2451,泉州府文庙,58,9.0,157.0,12%,4.6,全年 8:00-17:30,具体收费情况以现场公示为主,7.0
1199,正心寺,58,1.0,0.0,0%,0.0,8:00-18:00,免费,0.0
196,左海公园,57,4.0,164.0,6%,4.4,8:30-17:00其中景区内各景点开放时间详见景区现场公示。,入园免费,90.0
1366,货币文化馆,56,1.0,1.0,0%,4.0,全天,具体收费情况以现场公示为主,0.0
185,金光湖生态旅游景区,55,0.0,0.0,0%,--,,,0.0
2536,领show天地,55,1.0,54.0,0%,4.6,全年 全天开放,具体收费情况以现场公示为主,0.0
1365,鼓声洞,55,1.0,24.0,0%,4.3,全天开放,包含在鼓浪屿门票内,0.0
1258,观海园,55,3.0,74.0,2%,4.7,全天,免费,0.0
4348,侨福楼,55,1.0,72.0,0%,4.5,全年 7:00-20:00,参观50元，住宿另外收费。,118.0
4345,竹安寨,54,1.0,12.0,0%,4.5,5月1日-10月31日8:00-17:30；11月30日-次年4月30日8:30-17:00。,65元,60.0
1376,协和礼拜堂,54,1.0,28.0,0%,4.4,全天开放,免费,129.0
21,东庠岛,54,0.0,9.0,0%,5.0,全年 全天开放,具体收费情况以现场公示为主,0.0
2229,厦门城遗址,54,0.0,5.0,0%,4.8,,,0.0
2423,牛姆林生态旅游区,54,1.0,142.0,0%,4.0,8:00-17:30,45元,50.0
1363,李清泉别墅,54,2.0,17.0,0%,4.4,外部可全天参观，内部不开放。,外部免费参观，内部不对外开放。,0.0
1359,南湖公园,53,5.0,68.0,0%,4.7,全年 全天开放,具体收费情况以现场公示为主,0.0
4336,荣昌楼（中川文化陈列馆）,53,2.0,1.0,0%,--,8:00-17:30,10元/人,0.0
1189,白马峡谷瀑布,53,0.0,0.0,0%,--,8:30-17:30,<strong>自驾</strong><br /></p><p>建议自行驾车前往。,0.0
2491,后桥水库,53,0.0,0.0,0%,0.0,,,0.0
1358,林语堂故居,52,3.0,85.0,1%,4.6,全天开放，仅可以参观外观，不能入内。,仅可在外部参观，无法进入。,0.0
2226,回旋炮,52,0.0,1.0,0%,--,包含于胡里山炮台景区，景区开放时间：夏令8:00-18:00，冬令8:00-17:30，景点开放时间详见景区现场公示。,包含在胡里山炮台内，通用于胡里山炮台门票。,0.0
4335,培斜村,52,0.0,0.0,0%,--,；,,10.0
73,旗山国家森林公园,52,1.0,74.0,0%,4.3,全年 09:00-17:00,具体收费情况以现场公示为主,0.0
2538,东禅少林寺,52,2.0,17.0,6%,4.1,全天,免费,258.0
2406,清源山,51,15.0,1100.0,20%,4.3,全年 08:00-17:30,70元,63.4
2170,集美游览区,51,0.0,30.0,0%,,,,0.0
4334,汀州状元亭,51,1.0,0.0,0%,--,,,0.0
123,江滨公园,51,3.0,125.0,5%,4.7,全年 全天开放,具体收费情况以现场公示为主,0.0
1259,嘉庚公园,51,20.0,422.0,2%,4.6,5:30-22:30；预约入园，详情可提前电话咨询或查看集美鳌园官网。,具体收费情况以现场公示为主,0.69
1292,钢琴码头,50,20.0,114.0,4%,4.6,全天开放,码头免费参观，乘船需购买船票。,0.0
1405,厦门李林烈士纪念园,50,1.0,1.0,0%,5.0,9：00-17：30,具体收费情况以现场公示为主,0.0
223,禾山,50,3.0,3.0,0%,4.0,全年 全天开放,具体收费情况以现场公示为主,0.0
4332,瞿秋白烈士纪念馆,50,1.0,2.0,0%,4.8,全天开放,具体收费情况以现场公示为主,0.0
2534,李贽故居,50,3.0,40.0,9%,4.3,全年 8:00-17:30,具体收费情况以现场公示为主,0.0
4331,厦门大学汀州校址,49,1.0,0.0,0%,--,全天开放,门票免费,0.0
4327,梅花山中国虎园,48,0.0,85.0,0%,4.5,全年 08:30-17:00,50元,45.0
1261,厦门青少年天文科技馆,48,2.0,502.0,0%,4.8,全年 9:00-18:00,具体收费情况以现场公示为主,110.0
4326,狮岩,47,0.0,6.0,0%,4.8,全年 7:30-17:00,,0.0
77,大练岛,47,0.0,0.0,0%,5.0,,,0.0
1400,亦足山庄,47,1.0,37.0,0%,4.5,全天开放,,0.0
2545,广化寺,46,1.0,11.0,0%,3.5,,3元,0.0
4324,天宫山,46,0.0,17.0,0%,4.7,全年 全天开放,具体收费情况以现场公示为主,0.0
1336,中山公园,46,54.0,313.0,6%,4.7,全年 全天开放,免费,468.0
1217,海湾公园,46,37.0,303.0,2%,4.7,全年 全天开放,具体收费情况以现场公示为主,139.0
1163,台山石塔,45,1.0,1.0,0%,0.0,,【公交】<br /></p><p>市内可搭乘闽清3路至【台山】,0.0
4321,中国四堡雕版印刷展览馆,45,0.0,7.0,0%,3.8,1/1-4/30 08:30-17:00;5/1-10/31 08:00-17:30;11/1-12/31 08:30-17:00,具体收费情况以现场公示为主,0.0
1370,文曾路花溪,44,1.0,4.0,0%,4.0,全天,免费,0.0
2439,围头湾,44,1.0,19.0,0%,4.7,全年 全天开放,具体收费情况以现场公示为主,0.0
1161,白岩山,44,1.0,1.0,0%,0.0,全天,免费,0.0
1141,沈葆祯故居,43,2.0,0.0,0%,--,景点暂不对外开放,免费,0.0
2544,龙山寺,43,1.0,38.0,0%,4.6,星期一至五：9：00-17：00 星期六：9：00-13:00,具体收费情况以现场公示为主,0.0
4310,宝兴茗店广场,43,0.0,24.0,0%,4.3,全年 10:00-21:30,具体收费情况以现场公示为主,0.0
1294,万石岩,43,6.0,92.0,2%,4.8,包含于厦门园林植物园景区，景区开放时间6:30-18:00，景点开放时间详见景区现场公示。,40元,0.0
1340,郑成功纪念馆,42,17.0,289.0,8%,4.6,周二-周日8:30-16:45，16:30停止入场，周一闭馆。,包含于日光岩门票内，日光岩门票60元,129.0
1212,集美大学,42,27.0,154.0,0%,4.8,全天开放，疫情期间校外人员谢绝入校,免费,0.0
2468,海外交通史博物馆,42,6.0,64.0,11%,4.4,周二-周日：9:00-17:00（16:00停止入场）；周一闭馆（国家法定节假日除外），特殊情况另行公告，即日起实行分时段实名预约参观。,免费,1599.0
53,仙人井,42,7.0,77.0,0%,4.3,8:00-17:00,25元,21.0
4319,梁山书院,42,0.0,6.0,0%,5.0,,具体收费情况以现场公示为主,0.0
42,龙潭山水风景区,41,0.0,10.0,0%,4.8,全年 7:30-18:30,,0.0
1343,笔山洞,41,6.0,67.0,1%,4.2,全天开放,免费,0.0
4318,蛟洋文昌阁,41,0.0,4.0,0%,,,,0.0
1168,福州闽江大桥,41,1.0,2.0,0%,0.0,全天,免费,0.0
1238,胡里山炮台,41,245.0,2622.0,44%,4.6,10月1日至次年5月31日08:00-17:30，6月1日至9月30日 08:00-18:00,成人票25元，儿童、学生票15元,21.9
3362,玛琪雅朵花海,40,1.0,39.0,0%,3.8,具体开放时间请咨询景区,包含于十里蓝山景区内，通用十里蓝山景区门票。,60.0
1364,一朵一果,40,1.0,3.0,0%,4.0,9:00-23:00,14元,0.0
4317,树槐堂,40,0.0,1.0,0%,,,,0.0
1130,暗亭寺,40,0.0,1.0,0%,--,,,0.0
3350,德远堂,39,3.0,10.0,5%,3.6,8:00-18:00,南靖属亚热带气候，冬无严寒，夏无酷暑，四季都可以游玩。夏季注意台风天气。,0.0
1302,青礁慈济宫,39,2.0,107.0,0%,4.6,全年 8:30-17:30,具体收费情况以现场公示为主,0.0
1225,厦门科技馆,39,36.0,758.0,0%,4.6,7/23-12/31 周二-周日 09:00-17:00,门票：80元,110.0
116,晦翁岩龙峰寺,39,0.0,0.0,0%,--,,,0.0
4312,连南区革命委员全旧址,38,0.0,2.0,0%,4.5,,,0.0
9,鼓山,38,11.0,968.0,17%,4.5,全年 全天开放,具体收费情况以现场公示为主,0.0
1375,书法广场,38,12.0,148.0,3%,4.5,全年 周四 11:00-20:00;全年 周五-周六 11:00-21:00;全年 周三 11:00-17:00,具体收费情况以现场公示为主,0.0
1381,情人谷,38,22.0,125.0,0%,4.7,全天开放，疫情期间禁止校外人员入内。,疫情期间禁止校外人员入内。,0.0
1157,陶园十二间排,37,1.0,1.0,0%,0.0,全天,免费,0.0
1342,龙山洞,37,1.0,73.0,0%,4.1,全天开放,免费,0.0
2419,安溪桫椤谷风景区,37,0.0,14.0,0%,4.4,8:30-17:30,50元,138.0
4309,中山路步行街,37,3.0,106.0,0%,4.3,全年 全天开放,具体收费情况以现场公示为主,0.0
1218,沙坡尾艺术西区,36,32.0,91.0,0%,4.4,全年 全天开放,0元,299.0
120,衣锦坊,36,2.0,109.0,2%,4.5,全天开放,公交：福州市区乘坐54路、70路车到“衣锦坊”站下车，步行1分钟可达<br />,0.0
994,东江滨公园,35,0.0,4.0,0%,4.6,,具体收费情况以现场公示为主,0.0
2276,厦门少年儿童图书馆(公园分馆),35,0.0,15.0,0%,4.9,"春季 周一至周三,周五至周日 08:00-18:30 周四 14:30-18:30 15:30-18:30 夏季 ...",具体收费情况以现场公示为主,0.0
72,福建农林大学,35,1.0,80.0,0%,4.8,疫情期间不对外开放；非疫情期间全天开放。,疫情期间不对外开放；非疫情期间免费开放。,0.0
2453,紫帽山风景名胜区,35,5.0,67.0,1%,4.5,全年 8:00-17:30,具体收费情况以现场公示为主,0.0
1171,连山村,34,0.0,0.0,0%,--,全天开放,免费,0.0
1233,皓月园,34,83.0,1094.0,35%,4.5,10/1-5/31(冬令时) 08:00-17:30,15元,10.0
28,猴研岛,34,6.0,28.0,0%,4.5,全年 08:30-18:00,,30.0
2530,围头村,34,1.0,38.0,0%,4.5,全天开放,免费,0.0
3344,小黄山景区,34,1.0,46.0,0%,4.3,8:30-17:30,50元,49.8
1123,陈太尉宫,33,0.0,17.0,0%,4.1,全年 全天开放,具体收费情况以现场公示为主,0.0
4305,千百卉亲子种植体验,33,0.0,1.0,0%,5.0,10:00-18:00,26元,0.0
1255,观音山沙滩,33,0.0,34.0,0%,4.8,全年 全天开放,具体收费情况以现场公示为主,0.0
195,白云寺,33,1.0,1.0,0%,5.0,全天,免费,0.0
117,福建师范大学,32,2.0,62.0,0%,4.4,全天开放，疫情期间禁止校外人员入内。,疫情期间禁止校外人员入内。,0.0
1263,梵天寺,32,1.0,61.0,0%,4.7,全年 6:00-19:00,具体收费情况以现场公示为主,0.0
2441,真武庙,32,2.0,19.0,1%,4.4,全年 6:00-17:30,具体收费情况以现场公示为主,0.0
94,左海海底世界,32,1.0,119.0,0%,4.2,8/4-08/31 08:30-17:00;09/01-06/30 08:30-17:00,80元,90.0
4048,容膝居,32,0.0,0.0,0%,5.0,,,0.0
1213,日光岩,32,184.0,3950.0,55%,4.6,10/1-5/31(冬令时) 08:00-17:30,60元,50.0
4047,龙岩东肖森林公园,31,1.0,10.0,0%,4.5,7:00-21:00,20元,23.0
4349,兜率天宫,31,4.0,1.0,0%,5.0,8:30-16:30,100元,0.0
2181,五缘湾百舸水上运动俱乐部,31,0.0,1.0,0%,--,周一至周日 08:00-19:00,,65.0
1345,陈嘉庚先生故居,31,19.0,142.0,5%,4.6,全年 8:00-18:00,四季皆宜,0.0
1073,苍霞公园,31,1.0,25.0,0%,4.5,全年 全天开放,具体收费情况以现场公示为主,0.0
1286,演武大桥,31,40.0,116.0,0%,4.6,全年 全天开放,具体收费情况以现场公示为主,299.0
2525,青山湾,30,1.0,41.0,0%,4.6,全年 全天开放,,0.0
1341,帷幕开啦红地毯蜡像艺术馆,30,3.0,262.0,0%,4.4,全年 08:30-20:00,60元,78.0
1191,海峡奥林匹克体育中心足球场,30,1.0,1.0,0%,--,,<strong>公交</strong><br /></p><p>乘坐18路公交车至【福建神学院(福湾斗门)站】下车，步行即达。,0.0
1060,报恩塔,30,0.0,15.0,0%,4.6,全年 7:00-18:00,具体收费情况以现场公示为主,0.0
3359,乌礁湾,30,2.0,0.0,0%,--,8：00—18：00,10元,0.0
4046,苏维埃政府旧址,30,1.0,1.0,0%,5.0,8：30-18：00,免费,0.0
1338,怪坡,30,11.0,60.0,2%,4.3,全年 全天开放,具体收费情况以现场公示为主,0.0
2529,石狮城隍庙,29,1.0,1.0,0%,0.0,8:00~19:00,免费,0.0
4344,灵芝寺,29,1.0,0.0,0%,--,5月~10月：08:00~17:30 11月~4月：08:30~17:00,位于冠豸山景区内，景区门票115元,0.0
2489,中国雕艺城,29,1.0,19.0,0%,4.7,全天,具体收费情况以现场公示为主,0.0
3361,长源楼,29,1.0,0.0,0%,--,,,0.0
4044,永定土楼自然博物馆,29,4.0,50.0,1%,4.5,9:00-17:30,80元,0.0
4042,西陂天后宫,28,1.0,4.0,0%,5.0,8：00--18：00,具体收费情况以现场公示为主,0.0
2433,小岞美术馆,28,0.0,7.0,0%,4.3,全年 周二-周日 10:00-18:30,,0.0
4029,店头街,28,3.0,5.0,1%,4.0,全天开放,免费,0.0
1216,港仔后海滨浴场,28,7.0,214.0,1%,4.3,全天开放,免费,159.0
176,董奉草堂,28,0.0,1.0,0%,0.0,全年 全天开放,具体收费情况以现场公示为主,0.0
4041,摩陀寨,27,0.0,0.0,0%,--,8：00--18：00,免费,0.0
4342,赖源溶洞,27,1.0,14.0,0%,4.6,5月1日-10月31日（夏季）8:00-17:30；11月1日-次年4月30日（冬季）8:00-16:30；节假日正常开放。,80元,60.0
1064,林则徐出生地,27,0.0,46.0,0%,4.5,全年 8:30-17:00,具体收费情况以现场公示为主,0.0
1337,大嶝岛,27,14.0,148.0,0%,3.3,全年 全天开放,具体收费情况以景区现场公示为主。,49.0
92,鼓山涌泉寺,27,4.0,88.0,6%,4.4,全年 7:00-17:30,40元,0.0
178,自然馆,26,0.0,27.0,0%,4.3,9:00-17:00，16:00停止进场，周一闭馆整修。,具体收费情况以现场公示为主,0.0
39,九峰村,26,0.0,0.0,0%,0.0,全年 全天开放,,0.0
3353,天福茶博物院,26,1.0,50.0,0%,4.5,8:00-17:30,30元,23.0
30,十八重溪,26,1.0,38.0,0%,4.0,全年 全天开放,具体收费情况以现场公示为主,0.0
4330,长汀太平桥,26,0.0,0.0,0%,--,全天开放,门票免费,0.0
3274,漳州古城,26,5.0,79.0,0%,4.6,全年 全天开放,具体收费情况以现场公示为主,519.0
2287,嘉庚图书馆,26,1.0,18.0,0%,4.8,全年 10:00-22:00,具体收费情况以现场公示为主,0.0
1237,厦门园林博览苑,26,11.0,387.0,0%,4.5,4/1-10/31 07:30-19:00;11/1-3/31 07:30-18:00,60元,799.0
4338,连城县博物馆,25,1.0,2.0,0%,0.0,5月—10月：8：00—17：30 11月—4月：8：30—17:00,115元,0.0
990,城门镇,25,0.0,10.0,0%,,,,0.0
1120,长乐博物馆,25,0.0,0.0,0%,--,,,0.0
2332,后空间,25,0.0,16.0,0%,4.5,画展：14:00-22:00（周一至周五），10:00-22:00（周六至周日）；後吧：20:00-次日2:00,画展成人票：120元,0.0
4015,云顶观光茶园,25,1.0,1.0,0%,5.0,全天,10元,0.0
3349,关帝庙,25,1.0,13.0,1%,4.0,周一至周日 7:00-18:00,<strong>公交 </strong><br /></p><p>乘坐龙海15路、龙海6路至【街心公园】站下，步行可至,0.0
2443,安溪凤山风景旅游区,25,3.0,69.0,0%,4.7,全年 7:00-20:00,具体收费情况以现场公示为主,0.0
1057,福州海峡国际会展中心,25,1.0,39.0,0%,4.6,会展中心外观参观全天开放，内部无展会时不对外开；办展会时会依据不同代理商，不同开放时间，详情请查阅官网或者电话咨询。,外围参观免费；内部无展览不对外开放；办展会时的展会票价依据不同代理商不同价为，有免费展会和收费展会，详情可电话咨询会展中心。,0.0
1056,郑和公园,24,0.0,19.0,0%,4.4,全年 全天开放,,0.0
48,青云山,24,2.0,107.0,0%,4.5,8:00-16:30，15:00停止入场。,27元,0.0
1117,长山湖公园,24,0.0,24.0,0%,4.4,全年 全天开放,,0.0
1335,翠丰温泉,24,2.0,19.0,0%,4.2,温泉公园开园时间：周一-周五11:00-24:00，周六、周日及公众假期9:30-次日0:30。,168元,0.0
1291,毓园,24,10.0,258.0,20%,4.6,8:00-17:30,免费,168.0
2539,文庙广场,24,1.0,1.0,1%,5.0,,免费,0.0
193,寿山石古矿洞,24,1.0,9.0,0%,4.3,08:30-17:00。,90元,0.0
4337,金砂红色旧址群,24,1.0,0.0,0%,--,,,0.0
1055,圣寿宝塔,23,0.0,6.0,0%,4.3,全年 全天开放,塔仅限参观外观，不可登塔。,0.0
1174,麟阳村,23,0.0,0.0,0%,--,全天开放,免费,0.0
1115,转头山,23,0.0,0.0,0%,--,,,0.0
4028,永定龙湖景区,23,1.0,1.0,0%,0.0,,,0.0
126,军博园,23,0.0,26.0,0%,3.9,9:00-17:00,具体收费情况以现场公示为主,0.0
38,东海仙境,23,5.0,86.0,0%,4.1,全年 9:00-18:00,具体收费情况以现场公示为主,0.0
2535,元妙观,23,1.0,25.0,4%,4.6,全年 8:00-17:30,具体收费情况以现场公示为主,0.0
1344,琴园,23,18.0,284.0,11%,4.3,8:00-18:00,包含于日光岩景区门票内，通用于日光岩景区门票。,0.0
1111,长门炮台,22,0.0,0.0,0%,--,,,0.0
1054,东洛岛,22,0.0,2.0,0%,4.0,全年 全天开放,具体收费情况以现场公示为主,0.0
1131,黄巢山,22,0.0,4.0,0%,--,08:30～17:30开放；,,0.0
1281,东坪山公园,22,1.0,19.0,0%,4.3,全天,免费,0.0
4307,存耕堂,22,0.0,3.0,0%,4.7,全年 全天开放,具体收费情况以现场公示为主,0.0
10,上下杭,22,5.0,133.0,0%,4.6,全年 全天开放,30元,0.0
2437,石狮世茂摩天城摩天轮,22,0.0,25.0,0%,4.7,01/01-12/31 13:30-22:30,88元,50.0
1297,紫云岩,22,5.0,0.0,0%,5.0,全天,,0.0
3354,鹅仙洞,22,1.0,8.0,0%,3.8,全年 7:00-18:00,具体收费情况以现场公示为主,0.0
69,方广岩景区,21,0.0,0.0,0%,--,,,0.0
4037,中川古村落,21,1.0,33.0,3%,4.2,全年 8:30-17:00,30元,30.0
1339,万国建筑博览,21,13.0,415.0,24%,4.6,全天开放,免费,129.0
24,东甲岛,21,1.0,18.0,100%,4.7,全年 8:00-17:00,具体收费情况以现场公示为主,0.0
1354,虎溪岩,21,3.0,64.0,1%,4.5,全年 8:00-17:00,40元,0.0
177,中国长乐海蚌公园,21,0.0,4.0,0%,4.2,全年 全天开放,具体收费情况以现场公示为主,0.0
1126,福州大觉寺,21,0.0,0.0,0%,--,,,0.0
4045,李氏大宗祠,21,3.0,9.0,0%,4.8,全年 08:00-17:00,具体收费情况以现场公示为主,0.0
3279,镇海角,21,9.0,168.0,0%,4.1,全年 全天开放,具体收费情况以现场公示为主,198.0
2424,清水岩,21,5.0,157.0,2%,4.6,全年 06:30-18:00,具体收费情况以现场公示为主,0.8
2445,太王太妃陵,20,0.0,0.0,0%,--,,具体收费情况以现场公示为主,0.0
15,象鼻湾,20,0.0,16.0,0%,3.5,全年 全天开放,,0.0
1052,月朗风清榕,20,0.0,14.0,0%,4.5,全年 全天开放,具体收费情况以现场公示为主,0.0
1293,鳌园,20,23.0,240.0,4%,4.5,10月1日-次年5月31日8:00-17:30，6月1日-9月30日8:00-18:00。,20元,0.0
114,屏山公园,20,1.0,72.0,0%,4.5,全年 8:30-22:00,具体收费情况以现场公示为主,0.0
68,万福寺,20,0.0,12.0,0%,4.6,全年 8:00-17:30,具体收费情况以现场公示为主,0.0
4036,紫金矿业,20,1.0,1.0,0%,3.0,,免费,0.0
1112,林阳寺,20,1.0,6.0,0%,4.8,全年 全天开放,具体收费情况以现场公示为主,0.0
88,马尾,20,5.0,56.0,0%,4.6,全年 全天开放,具体收费情况以现场公示为主,0.0
4043,深远楼,20,1.0,1.0,0%,--,,,0.0
184,坛南湾鹅头湾度假村,19,0.0,0.0,0%,--,暂无,,0.0
67,青云山云天石廊,19,0.0,15.0,0%,4.1,1/1-12/31 08:00-17:00,15元,0.0
1096,醉石,19,0.0,25.0,0%,3.9,全年 全天开放,具体收费情况以现场公示为主,0.0
41,平潭沙雕园,19,1.0,22.0,0%,3.9,景区暂时停业，详情请以景区公示为准。原开放时间9月1日-次年7月14日9:00-22:00（19:30停止入场）；7月15日-8月31日9:00-21:00。,具体收费情况以现场公示为主,0.0
175,琅岐岛,19,1.0,16.0,0%,4.3,全年 全天开放,具体收费情况以现场公示为主,0.0
1228,云顶山,19,2.0,10.0,0%,4.6,全年 全天开放,具体收费情况以现场公示为主,0.0
4311,红尖山,18,2.0,5.0,0%,4.5,,具体收费情况以现场公示为主,0.0
4038,福音医院,18,1.0,0.0,0%,0.0,全天,免费,0.0
45,渔夫岛风景区,18,0.0,0.0,0%,0.0,5/1-10/31 08:00-17:30;11/1-4/30 10:00-16:30,78元,8.0
87,雪峰寺,18,1.0,11.0,0%,4.3,全年 全天开放,具体收费情况以现场公示为主,0.0
2524,刺桐公园,18,0.0,53.0,0%,4.4,全年 6:00-22:30,具体收费情况以现场公示为主,0.0
174,长乐南山公园,18,1.0,36.0,0%,4.5,全年 全天开放,具体收费情况以现场公示为主,0.0
1234,北辰山,18,1.0,94.0,0%,4.4,周一-周五9:00-16:30，周六、周日9:00-17:00。,30元，退休老人、60周岁以上老人，学生20元,25.0
2532,德济门遗址,18,2.0,38.0,1%,4.1,全年 全天开放,免费,0.0
2526,泉州少林寺,18,2.0,83.0,0%,4.4,全年 9:00-17:00,具体收费情况以现场公示为主,0.0
1200,鼓浪屿,18,495.0,30723.0,68%,4.4,全天开放；游客登岛时间跟随游船发船时间。,"鼓浪屿是亚热带季风性气候,总体温和多雨,夏无酷暑,冬无严寒,日照时间长，阳光充沛，一年四季花木繁盛。<br /></p><p>春季（3-5月)：春暖花开，温和湿润。5~6月为梅雨季节，记得携带雨具。<br /></p><p>夏季（6-8月）：阳光猛烈，天气炎热。需带阳伞遮阳，特别是打算长时间待在海边的旅行者。每年8月前后，是台风多发季节，要多关注气候情况。<br /></p><p>秋季（9-11月）：天气炎热，是品茶博饼的好时机，凤凰花开，十分美丽。<br /></p><p>冬季（12-2月）：较温暖，适合海边度假。最低温度有时可达8、9度。",90.0
1069,大鹤省级森林公园,18,0.0,8.0,0%,3.9,全年 全天开放,具体收费情况以现场公示为主,0.0
1078,法国领事馆,18,0.0,5.0,0%,3.7,,,0.0
2531,安平桥,17,1.0,362.0,3%,4.6,全年 9:00-18:00,具体收费情况以现场公示为主,0.0
2488,金门民俗文化村,17,1.0,77.0,12%,4.4,全年 8:00-17:00,具体收费情况以现场公示为主,0.0
37,金山寺,17,1.0,69.0,1%,4.5,全年 8:00-17:00,具体收费情况以现场公示为主,0.0
1288,海天堂构,17,15.0,442.0,14%,4.7,全年 08:30-15:30,88元,77.0
2537,花桥慈济宫,17,1.0,27.0,5%,4.1,全年 8:00-17:00,具体收费情况以现场公示为主,0.0
1068,玉融公园,17,0.0,48.0,0%,4.7,全年 8:00-21:00,,0.0
4033,高北土楼群,17,4.0,1084.0,3%,4.6,7:00-19:00,50元,48.0
1062,福建省革命历史纪念馆,17,0.0,21.0,0%,4.5,周二-周日9:00-16：30，16:00后禁止进入展厅，周一闭馆检修。,,0.0
1330,黄厝村,17,10.0,65.0,0%,4.5,全年 全天开放,具体收费情况以现场公示为主,0.0
4014,紫金山工业生态旅游区,17,2.0,0.0,0%,--,9:00-17:00,免费,0.0
1030,龙泉寺,17,0.0,7.0,0%,5.0,全年 9:00-17:00,,0.0
4035,古田镇,16,2.0,4.0,0%,5.0,7:30~17:00,62元,0.0
4001,古田会议旧址景区,16,1.0,136.0,2%,4.6,全年 08:00-18:00,免费,1388.0
3341,漳州老街,16,0.0,0.0,0%,--,,,0.0
2428,岱仙瀑布,16,2.0,121.0,0%,4.6,全年 8:00-16:30,20元,275.0
197,温泉公园,16,1.0,212.0,4%,4.5,全年 5:30-22:00,具体收费情况以现场公示为主,0.0
1042,永泰仙洞,16,0.0,2.0,0%,4.7,全年 8:00-17:00,具体收费情况以现场公示为主,0.0
1037,南郡会馆,16,0.0,10.0,0%,4.6,全天开放（仅限外观）,具体收费情况以现场公示为主,0.0
1215,南华路文化吧一条街,16,11.0,70.0,0%,4.4,全年 全天开放,具体收费情况以现场公示为主,0.0
1047,官圳村,16,0.0,7.0,0%,4.0,全年 全天开放,具体收费情况以现场公示为主,0.0
1049,福州学生街,16,0.0,98.0,0%,4.2,全年 全天开放,具体收费情况以现场公示为主,0.0
2528,李光地故居,15,0.0,11.0,0%,4.2,全年 8:00-17:30,具体收费情况以现场公示为主,0.0
1043,福建神学院,15,0.0,10.0,0%,4.3,,免费开放。,0.0
1036,西洛岛,15,0.0,1.0,0%,0.0,全年 全天开放,具体收费情况以现场公示为主,0.0
2432,仙公山,15,1.0,79.0,0%,4.5,全天开放，缆车开放时间根据天气略有调整。,15元,14.0
3298,龙美湾（抽象画廊）,15,2.0,57.0,0%,4.3,7:30-18:00,88元,65.0
3999,古田会议会址,15,0.0,4.0,0%,4.7,夏令8:00-18:00；冬令8:00-17:30。,具体收费情况以现场公示为主,0.0
1029,三溪水库,15,0.0,4.0,0%,5.0,全年 全天开放,具体收费情况以现场公示为主,0.0
172,福庐寺,15,1.0,11.0,0%,4.6,全年 8:00-17:30,具体收费情况以现场公示为主,0.0
3363,马堂张氏家庙,15,0.0,0.0,0%,0.0,,,0.0
43,长江澳风车田,15,5.0,3.0,0%,4.0,全天,免费,0.0
26,永泰天门山生态旅游风景区,15,1.0,165.0,0%,4.2,9:00-18:00；节假日正常开放；信息仅供参考，具体开放时间以景区当天披露为准。,35元,98.0
3990,永定土楼,15,7.0,759.0,72%,4.5,全年 08:30-17:00,参观永定土楼的部分景区需要门票,68.0
4034,梅花山,15,2.0,1.0,0%,5.0,8:00-17:00,50元,1388.0
1226,大德记浴场,14,5.0,26.0,0%,4.3,全天开放,乘船上岛后步行或租车前往。,0.0
2401,风车岛,14,0.0,8.0,0%,4.5,全年 全天开放,具体收费情况以现场公示为主,0.0
1040,螺江陈氏宗祠,14,0.0,2.0,0%,4.7,,,0.0
1231,金銮湾,14,6.0,11.0,0%,4.7,全天,免费,0.0
4031,石门湖,14,2.0,204.0,2%,4.6,5月1日-10月31日8:00-17:30；11月1日-次年4月30日8:30-17:00；信息仅供参考，具体开放时间以景区当天披露为准。,115元,114.5
173,显应宫泥塑像,14,0.0,10.0,0%,3.9,全年 7:00-17:00,包含在显应宫门票内,0.0
4016,龙门峡洞,14,0.0,0.0,0%,--,,,0.0
1005,朱氏宗祠,14,0.0,0.0,0%,--,,具体收费情况以现场公示为主,0.0
1012,白门寺,14,0.0,0.0,0%,0.0,,具体收费情况以现场公示为主,0.0
1028,灵济宫,14,0.0,10.0,0%,4.4,全年 8:00-17:30,具体收费情况以现场公示为主,0.0
1035,文武砂水库,14,0.0,6.0,0%,4.7,全年 全天开放,具体收费情况以现场公示为主,0.0
2466,安溪茶叶大观园,14,0.0,1.0,0%,5.0,,,0.0
1224,黄厝沙滩,13,27.0,53.0,0%,4.6,全年 全天开放,免费,0.0
2436,泉州博物馆,13,3.0,73.0,4%,4.5,全年 09:00-17:30,免费,0.0
1003,妈祖巨神像,13,0.0,11.0,0%,4.5,全年 全天开放,具体收费情况以现场公示为主,0.0
4343,客家民俗文化古街区,13,2.0,1.0,0%,5.0,周二至周日：9:00-17:00 <BR>周一闭馆，16:00停止入馆,150元为福建土楼自然博物馆的成人票价,0.0
1039,六平山,13,0.0,0.0,0%,0.0,全年 全天开放,,0.0
3998,龙硿洞,13,1.0,71.0,0%,4.4,5/1-10/8 08:45-17:30;10/9-4/30 08:45-17:00,55元，导游讲解30元,25.0
4020,生命之门,13,0.0,0.0,0%,5.0,具体开放时间请咨询景区,首道大门票收费情况请咨询景区,0.0
1032,乌龙江大桥,13,0.0,11.0,0%,4.2,全年 全天开放,具体收费情况以现场公示为主,0.0
1007,飞泉寺,13,0.0,1.0,0%,5.0,,具体收费情况以现场公示为主,0.0
2485,樟脚村,13,1.0,32.0,0%,4.4,全年 全天开放,具体收费情况以现场公示为主,0.0
3355,树海瀑布,13,1.0,33.0,0%,3.9,7:00-19:00,具体收费情况以现场公示为主,0.0
2418,泉州钟楼,13,1.0,127.0,3%,4.4,全年 全天开放,免费,0.0
1024,抗法烈士陵园,13,1.0,1.0,0%,3.5,全年 全天开放,具体收费情况以现场公示为主,0.0
1327,石室禅院,13,0.0,57.0,0%,4.4,,免费,0.0
4316,龙池书院,12,0.0,4.0,0%,4.8,,,0.0
998,忠懿闽王祠,12,1.0,18.0,0%,4.4,"全年 周六-周日 09:00-11:30,14:30-05:00",具体收费情况以现场公示为主,0.0
3352,漳州红树林,12,1.0,2.0,0%,4.0,全天,免费,399.0
1329,古龙酱文化园,12,1.0,45.0,0%,4.7,周二-周日9:00-17:00，周一闭馆。,古龙酱文化园目前免费开放，内部景点另收费。,5.0
2461,九仙山灵鹫岩寺,12,0.0,0.0,0%,4.0,全年 8:00-17:00,具体收费情况以现场公示为主,0.0
4013,世泽楼,12,2.0,35.0,3%,4.5,全年 7:00-19:00,高北村土楼群门票为50元/人，包括承启楼、世泽楼与五云楼等代表建筑。,0.0
3342,六鳌古城,12,6.0,7.0,0%,4.3,全天,免费,0.0
1031,漳港镇,12,0.0,15.0,0%,4.2,全年 全天开放,,0.0
55,开元寺,12,3.0,103.0,4%,4.5,全年 07:00-17:30,具体收费情况以现场公示为主,0.0
1004,北海坑道,12,0.0,14.0,0%,4.2,每日潮汐涨退不同，详情可参考官方公示。,具体收费情况以现场公示为主,0.0
1208,沙坡尾避风坞,12,115.0,290.0,2%,4.4,全年 全天开放,免费,299.0
23,云顶天池,12,1.0,15.0,0%,4.4,全年 8:30-17:00,190元,178.0
4323,石山园,12,0.0,3.0,0%,4.5,,,0.0
111,方广岩,12,1.0,5.0,0%,4.1,全年 7:00-18:30,25元,0.0
1188,林聪彝故居,12,1.0,0.0,0%,5.0,,120元,0.0
1026,琅岐闽江大桥,12,0.0,7.0,0%,,,,0.0
2422,泉州中山街,12,4.0,80.0,2%,4.6,全年 全天开放,具体收费情况以现场公示为主,0.0
2520,晋江市科技馆,11,0.0,21.0,0%,4.1,"全年 周一-周二 全天不开放 ;全年 周三-周日 08:30-11:30,15:00-17:00",需微信公众号预约,0.0
3348,花博园,11,2.0,8.0,0%,4.0,8：30-17：00,通票80元，现行优惠价全票60元，半票30元,0.0
1230,风琴博物馆,11,57.0,724.0,14%,4.5,10/1-5/31(冬令时) 08:15-17:45,20元,15.0
1165,台山公园,11,1.0,1.0,0%,0.0,8:00-17:30,免费,0.0
1239,上李水库公园,11,0.0,9.0,0%,4.5,,具体收费情况以现场公示为主,0.0
4322,九龙湖(九龙洞群),11,0.0,15.0,0%,4.3,夏季（5月1日-10月31日）8:00-17:30；冬季（11月1日-次年4月30日）8:00-17:00。,80元,70.0
1257,五老峰,11,59.0,265.0,11%,4.7,全年 6:30-18:00,免费,0.0
1001,福州文林山革命陵园,11,0.0,8.0,0%,4.5,全年 全天开放,具体收费情况以现场公示为主,0.0
183,青云山白马峡谷,11,0.0,19.0,0%,3.9,9:00-16:00,35元,0.0
198,芍园一号文化创意园,11,3.0,31.0,0%,4.6,全年 全天开放,具体收费情况以现场公示为主,0.0
2400,西街,11,13.0,292.0,5%,4.5,全年 全天开放,免费,0.0
1010,绝顶峰,11,0.0,2.0,0%,4.0,全年 全天开放,,0.0
1016,妙峰寺,11,0.0,5.0,0%,4.4,6:00-16:00（有时会变动）,具体收费情况以现场公示为主,0.0
1020,万象亭,11,0.0,16.0,0%,4.4,全年 全天开放,,0.0
3992,连城冠豸山,11,2.0,710.0,4%,4.6,5/1-10/31(夏季) 08:00-17:00;11/1-4/30(冬季) 08:00-16:00,115元,114.5
4030,如升楼,11,3.0,30.0,5%,4.4,全年 7:00-19:30,具体收费情况以景区现场公示为主。,0.0
86,百漈沟景区,10,1.0,81.0,0%,4.5,8:30-16:30；节假日正常开放；信息仅供参考，具体开放时间以景区当天披露为准。,40元,36.0
1204,厦门大学,10,1189.0,12520.0,79%,4.6,疫情防控期间暂停校园参观，详情可电话咨询。,免费,0.0
2410,西沙湾,10,1.0,126.0,0%,4.5,全年 全天开放,免费,268.0
1289,钢琴博物馆,10,63.0,827.0,21%,4.6,10/1-5/31(冬令时) 08:00-17:30," <span>四季皆宜。在任何时节聆听钢琴演出都是一场美妙的听觉盛宴。</span> </p> 
<p> &nbsp; ",129.0
1027,灵济宫碑,10,0.0,1.0,0%,4.0,全年 8:00-17:30,具体收费情况以现场公示为主,0.0
112,天马山公园,10,0.0,16.0,0%,4.3,全年 全天开放,具体收费情况以现场公示为主,0.0
2481,泉州市科技馆 (新馆),10,0.0,22.0,0%,4.3,全年 10:00-19:00,具体收费情况以现场公示为主,0.0
4315,客家土楼民俗文化村（洪坑）,10,1.0,143.0,0%,,,,0.0
1077,昙石山遗址博物馆,10,0.0,33.0,0%,4.6,全年 08:00-17:00,具体收费情况以现场公示为主,0.0
3997,洪坑土楼民俗文化村,10,5.0,249.0,7%,4.5,全年 08:30-17:00,90元,0.0
3347,裕德楼,10,2.0,8.0,9%,4.7,全天,南靖属亚热带气候，冬无严寒，夏无酷暑，四季都可以游玩。夏季注意台风天气。,0.0
2452,西湖公园,10,4.0,110.0,5%,4.6,全年 6:00-21:00,具体收费情况以现场公示为主,0.0
1164,台山怀旧影视城,10,1.0,1.0,0%,0.0,,【公交】<br /></p><p>市内可搭乘闽清3路至【台山】后步行前往。,0.0
1144,真像蜡像馆,9,0.0,18.0,0%,4.0,9:00-22:00,60元,0.0
4314,中华山,9,0.0,1.0,0%,5.0,,具体收费情况以现场公示为主,0.0
4325,上杭七峰山,9,0.0,13.0,0%,3.7,全年 9:00-16:50,20元,0.0
4333,红色米市场旧址,9,1.0,0.0,0%,--,,,0.0
2412,惠安女民俗风情园,9,1.0,25.0,3%,4.2,8:00-19:00,免费,30.0
1025,赤锡乡,9,0.0,2.0,0%,5.0,全年 全天开放,,0.0
1391,上古文化艺术馆,9,1.0,85.0,0%,4.3,4月1日-9月30日8:30-18:00，17:30停止入场；10月1日-次年3月31日8:30-17:30，17:00停止入场。现暂时停业，具体营业时间以景区公示为准。,现暂时停业，具体营业时间以景区公示为准。,0.0
3287,东门屿,9,4.0,174.0,0%,4.5,景区暂停营业，具体以景区当天现场为准。,55元,178.0
212,登山古径,9,1.0,25.0,0%,4.3,全年 全天开放,具体收费情况以现场公示为主,0.0
3295,裕昌楼,9,16.0,147.0,19%,4.5,全年 全天开放,田螺坑门票含田螺坑、裕昌楼、塔下村三个景点实行套票制90元。,426.0
3296,东山风动石景区,9,7.0,648.0,3%,4.4,7:00-18:00；木栈道18:30关闭。,60元,41.8
2518,灵应寺,9,0.0,20.0,0%,4.8,全年 7:30-18:00,具体收费情况以现场公示为主,0.0
4329,天后宫,8,1.0,0.0,0%,--,,,0.0
4313,芷溪古村,8,1.0,12.0,0%,3.1,全年 全天开放,具体收费情况以现场公示为主,0.0
3343,龙凤谷景区,8,1.0,0.0,0%,--,08:00～18:00开放；,成人票50,0.0
3283,马銮湾,8,6.0,277.0,3%,4.4,全天开放,5元,228.0
29,嵩口古镇,8,6.0,55.0,1%,4.3,全年 全天开放,具体收费情况以现场公示为主,0.0
4320,江山睡美人,8,0.0,13.0,0%,4.3,全年 全天开放,具体收费情况以现场公示为主,0.0
4341,胡氏家庙,8,1.0,3.0,0%,4.0,7:00~19:00,具体收费情况以现场公示为主,0.0
3293,火山岛地学博物馆,8,0.0,87.0,0%,3.5,包含于火山岛旅游休闲度假区内，景区开放时间5月1日-10月31日8:15-18:00，11月1日-次年4月30日8:15-17:30，景点开放时间详见景区当日现场公示。,该景点不单独售票，需购买与其他景点的联票：包含火山岛旅游休闲度假区、纪念碑谷、彩虹山的210元套票；详情以景区当日具体公示信息为准。,198.0
0,平潭岛,8,19.0,747.0,4%,4.5,全天开放,免费,21.0
181,白眉水库,8,0.0,3.0,0%,5.0,全年 全天开放,,0.0
222,状元峰,8,2.0,14.0,0%,3.9,全年 全天开放,,0.0
1211,钟鼓索道,8,32.0,540.0,4%,4.6,8:30-17:30,40元,65.0
2523,华侨新村,8,1.0,14.0,0%,4.4,全年 周日 12:00-17:00;全年 周一-周六 10:00-20:00,具体收费情况以现场公示为主,0.0
74,大目埕村,8,0.0,1.0,0%,4.0,,具体收费情况以现场公示为主,0.0
1013,百忍堂,8,0.0,1.0,0%,0.0,,,0.0
2522,百丈岩风景区,8,2.0,7.0,0%,4.4,全年 8:00-17:00,具体收费情况以现场公示为主,0.0
2404,黄金海岸度假区,8,4.0,142.0,2%,4.3,全年 全天开放,景区免费开放，景区内住宿、娱乐另外收费。,110.0
2462,通仙桥,8,2.0,4.0,0%,5.0,全年 全天开放,具体收费情况以现场公示为主,0.0
216,泉州凤山寺,7,1.0,0.0,0%,--,,,0.0
2463,泉州湾跨海大桥,7,1.0,3.0,1%,3.5,全天,免费,0.0
3292,和贵楼,7,23.0,791.0,32%,4.5,全年 8:00-18:00,包含于云水谣景区内，通用云水谣景区门票。,278.0
2486,云河谷,7,1.0,1.0,0%,4.5,,门票40元,0.0
3356,百花村,7,2.0,57.0,0%,4.5,全年 全天开放,3元,0.0
3306,南山寺,7,3.0,66.0,0%,4.4,8:30-17:00,具体收费情况以现场公示为主,0.0
3299,怀远楼,7,25.0,984.0,39%,4.5,9:00-22:00,90元,278.0
2516,郑成功公园,7,1.0,36.0,0%,4.7,全年 6:00-21:00,,0.0
4027,南溪土楼群,7,0.0,295.0,0%,4.4,7:00-19:00,具体收费情况以现场公示为主,68.0
229,补山精舍,7,1.0,25.0,0%,4.1,全年 8:30-17:00,具体收费情况以现场公示为主,0.0
65,畲山水景区,7,0.0,23.0,0%,4.1,全年 08:30-17:00,40元,36.0
1048,花海梯田,7,0.0,5.0,0%,4.1,夏令8:00-16:30，冬令8:00-16:00。,,0.0
4347,星火燎原主题蜡像馆,7,0.0,5.0,0%,4.3,全年 8:00-17:30,具体收费情况以现场公示为主,0.0
1209,椰风寨,7,91.0,274.0,3%,4.4,周一到周五 10:00-17:30，周六-周日9:30-18:30,免费,39.9
1222,珍珠湾,7,57.0,233.0,0%,4.7,全年 全天开放,具体收费情况以现场公示为主,0.0
11,鳝溪风景区,7,0.0,0.0,0%,0.0,,具体收费情况以现场公示为主,0.0
4339,土楼沟,7,1.0,2.0,0%,5.0,全天,免费,0.0
3285,金銮湾沙滩,6,0.0,17.0,0%,4.8,,,0.0
31,福州云顶,6,1.0,989.0,0%,4.5,2月1日-10月31日8:00-17:00；11月1日-次年1月31日8:00-16:00；节假日正常开放；信息仅供参考，具体开放时间以景区当天披露为准。,190元,0.0
2521,龟湖公园,6,0.0,54.0,0%,4.4,全年 全天开放,具体收费情况以现场公示为主,0.0
218,复兴村,6,1.0,0.0,0%,--,,,0.0
4300,四堡书坊建筑,6,0.0,0.0,0%,5.0,,具体收费情况以现场公示为主,0.0
1000,连江畲山湖,6,1.0,1.0,0%,4.0,全年 全天开放,具体收费情况以现场公示为主,0.0
1240,彩虹沙滩,6,0.0,2.0,0%,4.9,全年 全天开放,具体收费情况以现场公示为主,0.0
3339,华安土楼,6,1.0,32.0,0%,4.5,全年 8:00-17:00,具体收费情况以现场公示为主,0.0
2413,深沪湾海底古森林遗迹自然保护区,6,1.0,52.0,2%,4.2,全年 全天开放,具体收费情况以现场公示为主,0.0
1014,黄龙瀑,6,0.0,1.0,0%,4.0,全年 8:30-17:30,包含在皇帝洞大峡谷景区门票内,0.0
4003,长汀古城墙,6,3.0,68.0,1%,,,,0.0
3277,田螺坑土楼群,6,22.0,1918.0,17%,4.5,全天开放,100元,40.0
7,坛南湾,6,9.0,126.0,1%,4.4,全天开放,免费,0.0
1206,南普陀寺,6,724.0,4768.0,67%,,,,0.0
128,地藏寺,5,2.0,14.0,0%,4.7,,,0.0
3996,长汀红色旧址群,5,0.0,58.0,0%,4.7,全年 周二-周日 08:00-12:00;全年 周一 全天不开放 ;全年 周二-周日 15:00-18:00,具体收费情况以现场公示为主,0.0
3358,陈元光墓,5,0.0,0.0,0%,--,,,0.0
132,福建省美术馆,5,1.0,24.0,0%,4.5,全年 周一 全天不开放 ;全年 周二-周日 10:00-17:00,美术馆是免费开放的，馆内的部分展览会收费的。,0.0
3995,培田古民居,5,3.0,238.0,5%,4.4,8:00-22:00；节假日正常开放；信息仅供参考，具体开放时间以景区当天披露为准。,50元,42.9
1280,云上厦门观光厅,5,4.0,231.0,0%,4.2,8/3-12/31 周一-周五 10:00-20:00;8/3-12/31 周六-周日 09:00-20:00,180元,110.0
3291,埭美村,5,2.0,45.0,0%,4.5,全年 全天开放,具体收费情况以现场公示为主,0.0
3307,铜陵镇,5,0.0,5.0,0%,4.4,,具体收费情况以现场公示为主,0.0
25,西禅寺,5,4.0,247.0,10%,4.6,全年 7:00-18:00,具体收费情况以现场公示为主,0.8
2519,蔡氏家庙,5,1.0,43.0,0%,4.5,全年 全天开放,具体收费情况以现场公示为主,0.0
4328,客家母亲缘广场,5,1.0,0.0,0%,--,全天,免费,0.0
3284,塔下村,5,16.0,216.0,15%,4.5,全年 全天开放,90元,426.0
1207,厦门园林植物园,5,137.0,1910.0,10%,4.6,6:30-18:00；内部景点开放时间不一致，详情见景区公示。,40元,30.0
3278,云水谣古镇,5,5.0,4027.0,0%,4.5,全天开放,90元,85.0
32,罗源湾海洋世界,5,0.0,581.0,0%,4.5,8/1-8/31 09:00-17:00,成人价180元，优惠价120,175.0
2510,镇风塔,5,0.0,3.0,0%,4.9,,具体收费情况以现场公示为主,0.0
3345,长泰漂流水陆空景区,5,1.0,71.0,0%,--,08:30～10:00：～开放；13:00～15:00：～开放,188元,799.0
237,北斗洋,5,0.0,0.0,0%,--,,108元,0.0
1283,大帽山三角梅园,4,0.0,3.0,0%,4.0,全天。,具体收费情况以现场公示为主,0.0
27,泛船浦天主教堂,4,1.0,41.0,0%,4.6,全年 周一-周五 09:00-18:00,具体收费情况以现场公示为主,0.0
1051,九头马古民居,4,0.0,12.0,0%,4.3,全年 全天开放,具体收费情况以现场公示为主,0.0
4346,红豆杉生态园,4,0.0,8.0,0%,5.0,全年 8:00-18:00,20元,0.0
228,千江月休闲农场,4,1.0,12.0,0%,3.0,全年 7:30-17:30,具体收费情况以现场公示为主,0.0
2407,永宁古镇,4,4.0,46.0,1%,4.2,全年 全天开放,免费,0.0
189,白鸽楼,4,1.0,1.0,0%,0.0,全天,免费,0.0
2421,国宝云龙谷,4,0.0,14.0,0%,4.4,8:30-17:30,20元,41.0
4005,福建省苏维埃政府旧址,4,1.0,0.0,1%,5.0,,,0.0
2426,蟳埔村,4,5.0,67.0,5%,4.4,全年 全天开放,具体收费情况以现场公示为主,0.0
235,九仙观,4,2.0,34.0,0%,4.5,全年 全天开放,具体收费情况以现场公示为主,0.0
4006,梁野山,4,1.0,188.0,0%,4.5,夏季（5月1日-10月7日）8:00-18:00；冬季（10月8日-次年4月30日）8:00-17:00；信息仅供参考，具体开放时间以景区现场披露为准。,2022年5月1日-7月1日梁野山景点门票免费（不含二次消费项目）,52.2
3270,东山岛,4,22.0,680.0,3%,4.6,全天开放,海岛免费开放，入岛无门票，岛上景点需要门票,41.8
2480,惠女湾,4,2.0,13.0,0%,4.4,全年 8:00-22:00,具体收费情况以现场公示为主,0.0
3276,灵通风景区,4,0.0,85.0,0%,4.6,全年 08:00-17:00,具体收费情况以现场公示为主,0.0
96,弥勒岩,4,1.0,14.0,0%,4.3,全年 7:30-18:30,具体收费情况以现场公示为主,0.0
3357,凤凰山,4,1.0,0.0,0%,--,全天,3元,0.0
95,宏琳厝,4,1.0,25.0,0%,4.3,全年 08:00-17:00,25元,47.0
3297,顺裕楼,4,2.0,17.0,1%,4.3,全天,南靖属亚热带气候，冬无严寒，夏无酷暑，四季都可以游玩。夏季注意台风天气。,0.0
3305,云洞岩,4,3.0,193.0,0%,4.6,全年 08:00-18:00,具体收费情况以现场公示为主,6.0
2467,永宁老街,4,2.0,6.0,2%,4.3,全天开放,免费,0.0
2427,东湖公园,3,1.0,99.0,8%,4.7,全年 6:00-21:00,具体收费情况以现场公示为主,0.0
1034,海螺塔,3,0.0,2.0,0%,4.0,全年 全天开放,,0.0
98,青云山云眼悬廊,3,0.0,0.0,0%,4.3,,,0.0
49,白塔,3,1.0,67.0,6%,4.4,全年 8:00-17:00,具体收费情况以现场公示为主,0.0
4308,集庆楼,3,1.0,10.0,0%,4.2,全年 7:00-19:00,初溪土楼群门票70元/人，包括集庆楼、绳庆楼、善庆楼、庚庆楼、共庆楼、博物馆。,0.0
3340,海西双鱼岛,3,1.0,0.0,0%,--,全天,免费,0.0
3330,聚福商业街,3,0.0,0.0,0%,--,,具体收费情况以现场公示为主,0.0
1202,曾厝垵,3,1071.0,5815.0,51%,4.4,全天开放,免费,60.0
1118,鳌峰书院,3,0.0,0.0,0%,--,,,0.0
1124,陈靖姑故居,3,0.0,15.0,0%,4.5,全年 全天开放,,0.0
3313,火山岛自然生态风景区,3,2.0,22.0,2%,4.3,周一至周日 8:00-17:30,"景区门票:60元/人（不含博物馆）<br /></p><p>观光车:20元/人<br /></p><p>无边泳池:30元/人 <br /></p><p>优惠政策 <br /></p><p>1、半价：学生,老人（男60岁以上女55岁以上）,儿童（身高在1.2米至1.4米）<br /></p><p>2、免费：身高低于1.2米儿童享受免票 <br /></p><p>Tips <br /></p><p>1、景区内船票不打折。 <br /></p><p>2、上述优惠政策仅为参考，需到景区自行购买。",60.0
3303,七首岩,3,0.0,0.0,0%,--,,具体收费情况以现场公示为主,0.0
1214,集美学村,3,129.0,933.0,16%,4.7,全天开放,免费,286.0
3281,百丈崖瀑布,3,0.0,0.0,0%,--,全年 全天开放,具体收费情况以现场公示为主,0.0
1219,厦门海底世界,3,22.0,1004.0,18%,4.1,04/01-10/31 08:00-21:00;11/01-03/31 08:00-18:30,90元,107.0
1227,海角八号,3,2.0,10.0,2%,4.0,,,0.0
2543,宿燕寺,3,1.0,10.0,0%,4.8,全年 8:00-18:00,具体收费情况以现场公示为主,0.0
3271,鱼骨沙洲,3,0.0,26.0,0%,4.1,04/17-12/31 09:00-16:30,景区免费，如坐船前往需收船费。,149.0
3351,云水谣古栈道,3,3.0,7.0,3%,4.8,全天,南靖属亚热带气候，冬无严寒，夏无酷暑，四季都可以游玩。夏季注意台风天气。,0.0
33,莒溪风景区,3,0.0,0.0,0%,--,,具体收费情况以现场公示为主,0.0
127,青龙瀑布,3,1.0,36.0,0%,4.5,8:30-16:00,35元,0.0
211,雪峰山,3,1.0,3.0,0%,4.4,全年 全天开放,具体收费情况以现场公示为主,0.0
2425,岵山古镇,3,1.0,8.0,0%,3.6,,具体收费情况以现场公示为主,0.0
3991,长汀古城,3,7.0,184.0,0%,4.5,全年 全天开放,免费,0.0
1128,琉球墓园,2,0.0,10.0,0%,4.2,,,0.0
2471,聚龙岛欢乐园,2,1.0,29.0,0%,3.6,周一-周五9:00-17:30，周六、周日8:30-18:00。,35元,29.9
18,永泰欧乐堡海洋世界,2,0.0,54.0,0%,4.6,全年 09:00-17:30,230元,178.8
20,石厝教堂,2,1.0,1.0,0%,,,,0.0
1210,厦门双子塔,2,15.0,103.0,0%,4.3,全天开放，内部景点开放时间详见景区公示。,大厦免费开放，观光厅需另收取费，详情以景区现场公告为准。,110.0
3290,六鳌翡翠湾,2,1.0,62.0,0%,3.8,11月-次年4月9:30-18:00；5月-10月9:00-19:30。,99元,0.0
2444,九日山,2,4.0,38.0,0%,4.3,全年 07:30-17:30,具体收费情况以现场公示为主,0.0
4011,振成楼,2,5.0,67.0,15%,4.4,具体开放时间请咨询景区,包含于客家土楼民俗文化村（洪坑）景区，通用于客家土楼民俗文化村（洪坑）门票内。,68.0
2542,灵应风景旅游区,2,2.0,21.0,0%,4.4,全年 7:30-18:00,具体收费情况以现场公示为主,100.0
1205,环岛路,2,637.0,5453.0,44%,4.7,全天开放,免费,60.0
66,灵石山国家森林公园,2,1.0,23.0,0%,4.1,7:30-18:30，节假日正常开放；信息仅供参考，具体开放时间以景区披露为准。,15元,0.9
160,永泰大樟溪蹦极,2,0.0,0.0,0%,1.0,9:00-16:30,具体收费情况以现场公示为主,0.0
4340,虎豹塔,2,1.0,2.0,0%,5.0,7:00~19:00,门票包含在中川古村落景区门票内，中川古村落景区门票30元,0.0
1186,云天石廊,2,0.0,4.0,0%,--,8:00-17:00,27元,0.0
3275,云水谣景区,2,38.0,922.0,33%,4.4,全天开放,门票含和贵楼、云水谣古镇、怀远楼三个景点。,0.0
4012,振福楼,2,3.0,6.0,6%,4.0,7:00-19:00,50元,89.0
2454,东溪大峡谷,2,3.0,41.0,1%,4.3,景区暂时停业，具体详情请以景区公示为准，原开放时间7:30-17:00。,具体收费情况以现场公示为主,0.0
2411,承天寺,2,3.0,137.0,5%,4.7,"全年 08:00-11:00,14:00-16:00",具体收费情况以现场公示为主,5.0
3315,九侯山,2,1.0,83.0,0%,4.8,全年 07:30-17:30,具体收费情况以现场公示为主,0.0
3993,汀州古城,2,0.0,0.0,0%,--,,,0.0
2409,清净寺,2,19.0,200.0,32%,4.4,全年 7:30-17:30,具体收费情况以现场公示为主,268.0
3273,火山岛旅游休闲度假区,2,2.0,685.0,0%,4.3,5/1-10/31 08:15-15:30;11/1-4/30 08:15-17:30,15元,60.0
3338,九仙山,2,1.0,8.0,0%,4.3,全年 全天开放,具体收费情况以现场公示为主,0.0
1,三坊七巷,2,76.0,4626.0,51%,4.5,全天开放，其中商铺开放时间各不相同。,内部小景点单独收费。,0.0
2438,泉州海丝野生动物世界,2,1.0,89.0,0%,4.4,全年 08:30-17:00,138元,127.0
2405,石牛山景区,2,3.0,51.0,1%,4.4,11/1-3/31 08:30-17:00;4/1-10/31 08:00-18:00,20元,275.0
4306,和兴楼,2,0.0,0.0,0%,4.5,,具体收费情况以现场公示为主,0.0
51,闽安古镇,2,2.0,3.0,0%,4.7,,,0.0
4007,冠豸山国家地质公园,1,0.0,0.0,0%,4.7,,具体收费情况以现场公示为主,0.0
2429,泉州石狮·海洋世界,1,1.0,19.0,0%,4.0,9:00-18:00,80元,110.0
2,龙凤头海滨浴场,1,3.0,191.0,0%,4.5,全年 全天开放,免费,0.0
4039,临江楼,1,1.0,9.0,0%,4.4,由于维修现暂停营业，开放时间未定，具体开放时间以现场公示为准。,,0.0
2415,泉州欧乐堡海洋王国乐园,1,0.0,0.0,0%,4.7,11/1-12/31 09:30-18:00,,0.0
3288,岗寮,1,0.0,0.0,0%,5.0,,具体收费情况以现场公示为主,0.0
2420,戴云山,1,2.0,5.0,0%,4.3,不对外开放。,具体收费情况以现场公示为主,0.0
97,贵安海洋探秘世界,1,1.0,32.0,0%,4.6,5月1日-10月31日：周一-周五10:00-18:00，周六、周日9:00-18:00；11月1日-次年4月30日：周一-周日 10:00-17:00。具体开放时间详见景区公示。,100元,0.0
224,于山碑廊,1,1.0,0.0,0%,--,全天,免费,0.0
1203,白城沙滩,1,369.0,864.0,28%,4.6,全天开放,免费,21.9
1201,中山路步行街,1,632.0,3390.0,53%,4.5,全天开放,免费,66.0
3314,长泰漂流,1,1.0,116.0,0%,4.4,全年 周六-周日 08:30-15:00;全年 周一-周五 全天不开放,168元,0.0
3316,彩蝶湾景区,1,0.0,0.0,0%,0.0,已景区公告为准,,0.0
2408,大开元寺,1,28.0,1508.0,44%,4.7,6:00-11:00，15:00-18:00,免费,350.0
4032,永福花乡,1,2.0,11.0,0%,5.0,8：00-17：00,免费,0.0
4002,丁屋岭,1,4.0,16.0,0%,4.2,景区暂时停业，详情请以景区公示为准；原开放时间：全天开放,具体收费情况以现场公示为主,0.0
2455,达摩岩,1,0.0,0.0,0%,--,,具体收费情况以景区公示为准,0.0
2403,洛阳桥,1,5.0,282.0,21%,4.6,全年 全天开放,具体收费情况以现场公示为主,278.0
209,道山亭,1,1.0,32.0,0%,4.4,全年 7:00-21:30,包含在乌山风景区内，通用于乌山风景区门票。,0.0
2472,围头角滨海生态观光区,1,0.0,0.0,0%,--,,具体收费情况以现场公示为主,0.0
