,中文名,景点排名,攻略数量,评论数量,旅游率,景区介绍
0,鼓浪屿,18,495,30723,68%,世界文化遗产，特色店铺众多，建筑漂亮，生活气息和文艺范儿并重。
1,中山路步行街,1,632,3390,53%,厦门地标式商业街，欣赏连排的骑楼式建筑，搜罗地道的闽南小吃，感受鹭岛的独特魅力。
2,曾厝垵,3,1071,5815,51%,厦门文创新地标，美食与文化的激情碰撞，去寻找文艺外表下充满生命力的古朴村落。
3,白城沙滩,1,369,864,28%,靠近厦大的免费沙滩，漫步、海边玩耍，这是天然的休闲公园。
4,厦门大学,10,1189,12520,79%,依山傍海，中西结合的独特建筑风格，被誉为中国最美的大学之一。
5,环岛路,2,637,5453,44%,享受海边骑行的快乐，边骑边看美丽风景。
6,南普陀寺,6,724,4768,67%,全国闻名的佛教寺院，寺内的素斋和素饼都获过奖，还可登高望远。
7,厦门园林植物园,5,137,1910,10%,环境很好的植物园，有多种稀有植物景观，也适合周末爬山休闲。
8,沙坡尾避风坞,12,115,290,2%,
9,椰风寨,7,91,274,3%,很长的免费沙滩，游客不多，可以远眺金门岛。
10,厦门双子塔,2,15,103,0%,厦门新地标，登上55层观光厅，眺望鼓浪屿，俯瞰鹭岛风情。
11,钟鼓索道,8,32,540,4%,在高空中俯瞰厦门全景，在天然氧吧中任性遨游。
12,集美大学,42,27,154,0%,
13,日光岩,32,184,3950,55%,鼓浪屿的最佳观景点，从上而下俯视鼓浪屿全岛及厦门市区景象。
14,集美学村,3,129,933,16%,风格中西合璧的大学城，可以在校园里感受浓重的学术氛围。
15,南华路文化吧一条街,16,11,70,0%,
16,港仔后海滨浴场,28,7,214,1%,
17,海湾公园,46,37,303,2%,可在公园内远眺大海，吹海风，附近的酒吧街更是泡吧族们的最爱。
18,沙坡尾艺术西区,36,32,91,0%,
19,厦门海底世界,3,22,1004,18%,有迄今为止中国发现最大的抹香鲸骨架。
20,天竺山森林公园,204,2,126,0%,来“厦门后花园”亲近自然，感受绿意盎然的山林风光，欣赏澄澈镜面的湖水倒影。
21,菽庄花园,137,137,2261,48%,看闽南风格融合西洋色彩的园林景观。这里也有很好的观海点。
22,珍珠湾,7,57,233,0%,沙细水清，还有轻风拂面，来到海边千万不要错过这个沙滩浴场。
23,猫咪博物馆,86,97,170,0%,
24,黄厝沙滩,13,27,53,0%,
25,厦门科技馆,39,36,758,0%,可以带孩子来这里感受新科技带来的乐趣，开拓孩子们的视野。
26,大德记浴场,14,5,26,0%,
27,海角八号,3,2,10,2%,
28,云顶山,19,2,10,0%,
29,蔡尖尾山公园,127,0,8,0%,
30,风琴博物馆,11,57,724,14%,在音乐之岛鼓浪屿逛风琴博物馆，看各种复古的风琴。
31,金銮湾,14,6,11,0%,从福建 漳州市铜陵镇沿西铜公路西行2公里处，有一条宽阔、笔直的水泥大道，把你引向海滨，这就是闻名遐迩的马銮湾海滨浴场。
32,白鹭洲公园,565,56,501,15%,草坪修建得很漂亮，有个很大的湖，环境很好的免费公园！
33,皓月园,34,83,1094,35%,看郑成功巨型石像，纪念人民英雄。
34,北辰山,18,1,94,0%,可以看十二龙潭瀑布，形态各异，水潭清澈见底。
35,梧村影剧院,220,0,0,0%,
36,观音山,1%,32,47,1%,
37,厦门园林博览苑,26,11,387,0%,园林大观园，一次性参观多种园林风格，空气清新很适合漫步。
38,胡里山炮台,41,245,2622,44%,这里有着大大小小的炮台，带你走近并了解那段历史。
39,上李水库公园,11,0,9,0%,
40,彩虹沙滩,6,0,2,0%,
41,一国两制沙滩,397,3,9,0%,
42,八怪谷,128,0,0,0%,
43,最美转角,0%,0,14,0%,
44,大屏山郊野公园,0%,0,34,0%,
45,顶村村,0%,1,1,0%,顶村村位于厦门市西北部山区，西北与泉州市的南安市、安溪县接壤，是同安区汀溪镇的“后花园”，水资源丰沛。
46,曾山,243,7,3,0%,厦门岛内多山。在厦门岛南端，白石炮台遗址以北，有座曾山。曾山南部隔海与金门的大担岛、二担岛相望。
47,顶澳仔猫街,563,0,51,0%,
48,顶上生态风景区,0%,1,2,0%,顶村村，距厦门岛约40公里，该山村平均海拔400米，有着600多年历史。如诗如画的山水、绿意盎然的植被、善良 淳朴的民风闻名遐迩。
49,鼓浪屿名人蜡像馆,244,9,424,2%,
50,厦门市鼓浪屿风景名胜区-天主教堂,82,0,1,0%,
51,古龙产品体验中心,0%,0,0,0%,
52,造水村,0%,0,7,0%,
53,松柏公园,448,1,80,0%,
54,厦门老院子景区,156,4,220,0%,置身渔村古厝，身临其境感受传统文化，观看大型实景演出，寻找闽南民族文化脉络。
55,观音山沙滩,33,0,34,0%,
56,三一堂,2%,7,92,2%,白色的顶，红色的墙，漂亮的教堂。
57,五老峰,11,59,265,11%,享受游山的乐趣，站在山顶可以鸟瞰厦门大学和鼓浪屿。
58,观海园,55,3,74,2%,
59,嘉庚公园,51,20,422,2%,陈嘉庚建筑群的重要组成部分，了解陈嘉庚先生的生平。
60,厦门市博物馆,0%,8,137,1%,
61,厦门青少年天文科技馆,48,2,502,0%,
62,内厝澳路,74,7,7,0%,
63,梵天寺,32,1,61,0%,
64,金光湖,314,2,107,0%,
65,德安古堡,96,0,36,0%,
66,水秀广场,232,0,0,0%,
67,云顶岩寺,0%,0,0,0%,
68,UncommonPlace不凡之地艺术空间,0%,0,0,0%,
69,乐玩街,0%,0,2,0%,
70,集美后田渔村,488,0,0,0%,厦门最干净的海岸之一。
71,集美区24小时自助图书馆,0%,0,0,0%,
72,西竺寺,0%,0,1,0%,
73,饶美宫,0%,0,1,0%,
74,中岩寺,0%,0,3,0%,
75,厦门大学科技园,375,0,8,0%,
76,宝珠屿,272,0,1,0%,
77,曾溪水库,267,0,9,0%,
78,福州大学厦门工艺美院鼓浪屿校区,459,0,11,0%,
79,厦门音乐广场,83,18,165,0%,
80,云上厦门观光厅,5,4,231,0%,
81,东坪山公园,22,1,19,0%,
82,颠倒博物馆,546,4,69,0%,
83,大帽山三角梅园,4,0,3,0%,
84,大同路,570,29,6,0%,清新雅致，小资必选。
85,五缘湾湿地公园,207,46,301,0%,漫步木栈道，看水鸟在氤氲雾气中起落飞翔，享受城市绿肺的清新空气。
86,演武大桥,31,40,116,0%,
87,海上明珠观光塔,176,2,90,0%,
88,海天堂构,17,15,442,14%,看中西合并的建筑风格，随意遐想当时人们的生活。
89,钢琴博物馆,10,63,827,21%,在音乐之岛鼓浪屿逛钢琴博物馆，看各种造型奇特的的古钢琴。
90,东方鱼骨艺术馆,64,1,93,0%,
91,毓园,24,10,258,20%,为纪念林巧稚大夫而建的纪念馆，恬静的园林景观，景色不错。
92,钢琴码头,50,20,114,4%,
93,鳌园,20,23,240,4%,
94,万石岩,43,6,92,2%,
95,厦门大学芙蓉湖,296,22,460,2%,
96,鼓浪屿龙头路,81,192,127,5%,鼓浪屿龙头路是鼓浪屿主要街道之一，美食、购物，应有尽有，小资情调十足。
97,紫云岩,22,5,0,0%,"紫云岩位于醉仙岩东面，周围群山峥嵘，时有云雾潦绕，瞵息之间，气象万千，仿佛飘浮在茫茫烟海之中。清人郑光沂在危岩下刻“紫云得路”四字，固而名声远扬。
紫云岩有达中庵，建于明代，清废，民国十九年（公元1930年）重修，有大雄宝殿、客堂、积…"
98,中国唱片博物馆,225,5,56,0%,
99,王艺大师素描,59,3,0,0%,
100,上弦场,0%,22,11,0%,上弦场是厦门大学主体育场，是一个半椭圆形的大运动场，利用楼群与运动场之间的落差，因地制宜地砌成可容纳两万人的大看台，由于运动场与看台都呈弧形，恰似上弦月，故称之为“上弦场”。
101,鼓浪屿邮电支局,162,1,8,0%,
102,青礁慈济宫,39,2,107,0%,
103,鲁迅纪念馆,160,8,111,0%,
104,五缘湾游艇服务中心,238,0,0,0%,
105,下潭尾红树林湿地生态公园,0%,0,0,0%,
106,夜游鹭江（海达轮渡码头）,0%,0,0,0%,
107,东渡邮轮码头,0%,0,0,0%,
108,观音山沙雕文化公园,0%,0,0,0%,
109,集美海洋动物馆,0%,0,0,0%,
110,厦门鼓浪屿珍奇世界,449,0,0,0%,
111,清水宫,0%,0,0,0%,
112,集美大学诚毅校区,0%,0,9,0%,
113,大学路,0%,0,34,0%,
114,厦门儿童公园,0%,0,17,0%,
115,寨遗址,189,0,3,0%,
116,陈敬贤墓塔,402,0,5,0%,
117,厦门市图书馆,277,1,22,0%,
118,不争公园,104,0,17,0%,
119,上李水库,439,3,22,0%,
120,石峰岩寺,566,0,16,0%,
121,集美礼拜堂,183,0,13,0%,
122,集美解放纪念碑,475,1,16,0%,
123,杏东公园,479,0,29,0%,
124,日东公园,484,0,54,0%,
125,太空飞梭,485,0,0,0%,
126,番婆楼,253,1,91,0%,洛可可风格融入中国特色的漂亮建筑物，拥有岛上最高大的门楼。
127,石室禅院,13,0,57,0%,
128,郑成功雕像,191,6,8,0%,郑成功雕像屹立在鼓浪屿东南端的覆鼎岩，面朝波澜壮阔的大海，身披盔甲，手按宝剑，形象挺拨刚劲，气势雄伟。
129,古龙酱文化园,12,1,45,0%,
130,黄厝村,17,10,65,0%,
131,百年鼓浪屿博物馆,171,1,3,0%,百年鼓浪屿博物馆位于福建省厦门市鼓浪屿福建路62号。
132,华侨大学,104,4,48,0%,
133,圣妈宫,194,3,6,2%,
134,台湾民俗村,89,32,327,0%,
135,翠丰温泉,24,2,19,0%,景色优美的同安汀溪水库风景区，幽雅舒适的环境，天然纯净的温泉，汇粹了闽南地域文化。
136,中山公园,46,54,313,6%,
137,大嶝岛,27,14,148,0%,
138,怪坡,30,11,60,2%,
139,万国建筑博览,21,13,415,24%,各种风格各异、中西合壁的中外建筑非常值得一看。
140,郑成功纪念馆,42,17,289,8%,是国内非常大的郑成功文物文献收藏中心和研究基地。
141,帷幕开啦红地毯蜡像艺术馆,30,3,262,0%,
142,龙山洞,37,1,73,0%,一个凉爽的隧道 ，夏天是个避暑的好地方。
143,笔山洞,41,6,67,1%,连接龙头路到内厝奥的一条隧道，感觉充满了故事。
144,琴园,23,18,284,11%,鼓浪屿核心景点之一，百鸟园就在这个景区内。
145,陈嘉庚先生故居,31,19,142,5%,
146,龙舟池,149,22,136,2%,
147,厦门大桥,224,9,161,2%,
148,海沧大桥,93,15,37,1%,
149,华侨亚热带植物引种园,297,1,72,1%,
150,狮山,174,4,121,1%,
151,延平故垒,125,2,32,1%,
152,仙洞天界寺,298,1,46,0%,厦门小八景之一，可焚香祈福，也可登高赏美景。
153,鼓浪屿日本领事馆旧址,299,3,12,1%,日本领事馆建于1897年，由中国工匠王天赐设计承建，以拱券宽廊仿英式别墅为基调，使用西洋双柱桁架与中国传统坡顶相折衷，具有维多利亚时代的某些建筑特征，女墙和廊沿压条下均采用闽南土陶烧制的花瓶为装饰，古朴典雅。领事馆面积600平方米，两层…
154,虎溪岩,21,3,64,1%,
155,华侨博物院,300,7,146,0%,全面及系统地展示华侨华人历史的综合性博物馆。
156,景州乐园,107,2,4,0%,"景州乐园以“山水有情、人间有爱”为主题,园里的布局典雅、浪漫,五彩缤纷的花园里，错落着形态各异的艺术雕像，充满了欧美的艺术情调。"
157,英国领事馆旧址,175,4,11,1%,
158,林语堂故居,52,3,85,1%,
159,南湖公园,53,5,68,0%,
160,鸿山公园,306,8,125,0%,
161,黑糖(顶澳仔店),133,1,1,0%,
162,复兴堂,150,2,3,0%,
163,李清泉别墅,54,2,17,0%,
164,一朵一果,40,1,3,0%,一朵一果是专卖特色的明信片和笔记本的小店。
165,鼓声洞,55,1,24,0%,
166,货币文化馆,56,1,1,0%,
167,金榜公园,305,10,229,0%,
168,不在书店,173,29,38,1%,这是一处将花店和书店融为一体的小小天堂，不定期举办读书会、民谣演出等活动。
169,白鹿洞寺,233,1,57,0%,
170,文曾路花溪,44,1,4,0%,文曾路的花溪，每年的春节以后盛开。盛开期间，吸引了众多的市民，前来赏花摄影。
171,筼筜湖,60,13,106,0%,
172,英雄三岛,88,3,49,0%,
173,厦门十二龙潭,309,3,8,0%,
174,鼓浪石,311,3,46,0%,
175,书法广场,38,12,148,3%,
176,协和礼拜堂,54,1,28,0%,
177,火烧屿,58,1,7,0%,
178,孔庙,72,2,1,0%,座落在同安县城东溪西畔，始建于五代，现存的建筑是清朝乾隆年间重建的大成殿。现在的孔庙已成为同安区博物馆，陈列着200多件从全县各地收集的石雕、碑刻，神态各异，造型逼真，精湛的工艺令游人赞叹不已，人称“同安兵马俑”。
179,笔山公园,223,1,25,0%,
180,华新路,158,38,86,0%,隐藏着厦门半个世纪的历史，漫步每栋建筑，寻找背后的历史故事。
181,情人谷,38,22,125,0%,
182,苏颂故居,83,1,24,0%,
183,胡里山海滨浴场,312,1,103,0%,
184,1号海岸沙滩音乐餐厅,61,4,0,0%,
185,博饼民俗园,313,1,47,0%,
186,泰慢,139,1,1,0%,
187,陈嘉庚纪念胜地,60,1,142,0%,
188,厦门国防教育展览馆,141,1,7,0%,
189,溜溜公社,315,1,1,0%,
190,美国领事馆旧址,106,1,21,0%,
191,上古文化艺术馆,9,1,85,0%,
192,宋代瓷窑遗址,231,4,3,0%,
193,鹭江道,316,19,46,0%,
194,Cantone,97,1,0,0%,
195,梅海岭,61,8,34,0%,
196,厦门海洋珍稀物种自然保护区,237,2,2,0%,"厦门海洋珍稀物种自然保护区位于福建省厦门市海域，总面积33088公顷。保护区保护区由原有的厦门中华白海豚省级保护区、厦门大屿白鹭省级保护区和厦门文昌鱼市级保护区合并而成。
保护区保护12种珍稀物种及其生境，分别是国家一级保护动物中华白海豚…"
197,金瓜楼,226,3,111,0%,用色大胆，造型奇特，漂亮的建筑物。
198,汀溪水库,62,3,12,0%,
199,五通灯塔公园,317,5,56,0%,
200,亦足山庄,47,1,37,0%,
201,厦门清真寺,63,1,2,0%,厦门清真寺，位于福建省厦门市玉屏路西侧。该寺坐西朝东，呈狭长方形，总共分为三进，入门是天井庭院，二门内为大厅和厢房，三门内是礼拜殿，殿顶为悬山式建筑。
202,闽台小镇,319,2,24,0%,
203,银石牛排馆,234,1,0,0%,
204,厦门国际会展中心,320,29,164,0%,
205,厦门李林烈士纪念园,50,1,1,0%,
206,欢唱量贩式KTV(湖滨中路店),322,1,0,0%,
207,观彩楼,323,3,34,0%,
208,龙头山寨遗址,65,1,1,0%,龙头山寨遗址位于思明区鼓浪屿日光岩上。日光岩古称为龙头山，又称晃岩。清顺治四年（1647），郑成功辟厦门为抗清复台基地，龙头山（即日光岩）系其建寨屯防址之一。
209,古避暑洞,66,4,35,0%,
210,福音堂,0%,2,14,0%,
211,观天下闽台宗祠博物馆,69,0,0,0%,
212,牛庄文化园,328,1,2,0%,厦门牛庄园区景观近八千平，集四个主题文化广场、艺术牛、水榭亭台、咖啡吧、创意牛车等景点于一体，艺术牛展览、小牛体验营，独一无二的文化艺术特色优势，已接待来自全国各地游客近百万人。
213,集美农林学校旧址,230,0,0,0%,
214,鼓浪屿当代艺术中心KCCA,0%,0,0,0%,
215,汀溪镇古坑村,0%,0,0,0%,
216,碧山岩寺,0%,0,0,0%,
217,容·美术馆,0%,0,0,0%,
218,澳头村史馆玄象美学馆,0%,0,0,0%,
219,小嶝月亮湾,0%,0,0,0%,
220,MOCEAN瞐尚,0%,0,0,0%,
221,杏林湾环湾,0%,0,0,0%,
222,集美鳌园景区,0%,0,0,0%,
223,三江口温泉湿地公园,0%,0,0,0%,
224,厦门总工会旧址,0%,0,0,0%,
225,龙山文创园,0%,0,0,0%,
226,海沧湖公园,0%,0,0,0%,
227,颠倒星空体验馆,0%,0,0,0%,
228,联发悦10空间,0%,0,0,0%,
229,海峡虫动时光博物馆,0%,0,0,0%,
230,城记·中山路,0%,0,0,0%,
231,柚子番美食街,0%,0,0,0%,
232,会展中心沙滩,0%,0,0,0%,
233,东坪山水库,0%,0,0,0%,
234,悦享中心空中萌宠乐园,0%,0,0,0%,
235,观鸟廊,0%,0,0,0%,
236,土屿岛,0%,0,0,0%,
237,集美集文化创意园,0%,0,0,0%,
238,陈化成主题公园,0%,0,0,0%,
239,印华1980创意园,0%,0,0,0%,
240,厦门Meland Club (集美世茂店),0%,0,0,0%,
241,厦门喜事-大型实景360°全沉浸互动演出,0%,0,0,0%,
242,厦门海上游,0%,0,0,0%,
243,准提寺,0%,0,0,0%,
244,厦门会展展览中心,0%,0,0,0%,
245,仙岳山观音寺悠然园,0%,0,0,0%,
246,东溪公园,0%,0,0,0%,
247,万寿宫,0%,0,0,0%,
248,李氏宗祠,0%,0,0,0%,
249,莲花书院景区,0%,0,0,0%,
250,鹭潮鼓浪屿美院,0%,0,0,0%,
251,佛光寺,0%,0,0,0%,
252,鼓浪屿风景名胜区-郑成功塑像,0%,0,0,0%,
253,鼓浪屿风景名胜区-港仔后沙滩,0%,0,0,0%,
254,集美塔,0%,0,0,0%,
255,妙高山,0%,0,0,0%,
256,郑成功东坪弈棋主题公园,0%,0,0,0%,
257,文保奇妙夜之胡里山炮台,0%,0,0,0%,
258,官浔溪体育公园,0%,0,0,0%,
259,怀旧鼓浪屿博物馆,0%,0,0,0%,
260,石兜水库,0%,0,0,0%,
261,马约翰广场,0%,0,0,0%,
262,朝天宫,0%,0,0,0%,
263,北湖公园,0%,0,0,0%,
264,厦门湖里山炮台,0%,0,0,0%,
265,曲戈沉浸式换装体验馆,0%,0,0,0%,
266,原会审公堂,0%,0,0,0%,
267,天语舟气象科技园,0%,0,0,0%,
268,D36运动嘉年华,0%,0,0,0%,
269,大屏山公园,0%,0,0,0%,
270,岩山,0%,0,0,0%,
271,鹭江,0%,0,0,0%,
272,溪林花海,0%,0,0,0%,
273,大山母,0%,0,0,0%,
274,香花海,0%,0,0,0%,
275,青龙宫,0%,0,0,0%,
276,海洋科技博物馆,0%,0,0,0%,
277,五通翔龙海上运动中心,0%,0,0,0%,
278,五缘湾望潮帆船,0%,0,0,0%,
279,厦门奇幻解压馆,0%,0,0,0%,
280,五缘湾海上乐园,0%,0,0,0%,
281,北岸艺术区,0%,0,0,0%,
282,新景步行街,0%,0,0,0%,
283,鲸探海洋科普研学基地,0%,0,0,0%,
284,水天花月广场,0%,0,0,0%,
285,后滨池府龙威殿,0%,0,0,0%,
286,林巧稚大夫,0%,0,0,0%,
287,南湖公园-日本园,0%,0,0,0%,
288,海丝陶瓷艺术馆,0%,0,0,0%,
289,法治文化广场,0%,0,0,0%,
290,雪樵公园,0%,0,0,0%,
291,冰雪企鹅城,0%,0,0,0%,
292,丝绸文化博览馆,0%,0,0,0%,
293,厦门老街博物馆,0%,0,0,0%,
294,梅山公园,0%,0,0,0%,
295,东浦公园,0%,0,0,0%,
296,陈嘉庚语录碑廊,0%,0,0,0%,
297,梦之岛主题公园,0%,0,0,0%,
298,厦门安哥拉巨兔主题馆,0%,0,0,0%,
299,小池塘艺术馆(大唐校区),0%,0,0,0%,
300,盘古博物馆,0%,0,0,0%,
301,嵩屿码头,0%,0,0,0%,
302,科德航空研学基地,0%,0,1,0%,
303,文笔塔公园,0%,0,0,0%,
304,厦门天山泉温泉度假山庄,0%,0,0,0%,
305,大曦山薰衣草主题公园,0%,0,0,0%,
306,美峰生态公园,0%,0,0,0%,
307,马垅社,0%,0,0,0%,
308,鱼乐圈,0%,0,0,0%,
309,斑鸠山公园,0%,0,0,0%,
310,社会主义核心价值观主题公园,0%,0,0,0%,
311,洪文老夜市,0%,0,0,0%,
312,蚶壳井,0%,0,0,0%,
313,画说创想艺术馆,0%,0,0,0%,
314,十八王公文化公园,0%,0,0,0%,
315,厦门国际友好公园,0%,0,0,0%,
316,珍珠海滨浴场,0%,0,0,0%,
317,筼筜湖带状公园,0%,0,0,0%,
318,闽南之韵,0%,0,0,0%,
319,东宅村新风公园,0%,0,0,0%,
320,昭应宫,0%,0,0,0%,
321,英国领事公馆旧址,0%,0,0,0%,
322,绿山墙美术馆,0%,0,0,0%,
323,深青驿遗址,0%,0,0,0%,
324,厦门国际雕塑公园,0%,0,0,0%,
325,各界抗敌后援会会址,0%,0,0,0%,
326,中山华侨公园,0%,0,0,0%,
327,园山,0%,0,0,0%,
328,海沧礼拜堂,0%,0,0,0%,
329,OYAN ART,0%,0,0,0%,
330,国家地理·深蓝海洋互动展(磐基名品中心),0%,0,0,0%,
331,陨石博物馆,0%,0,0,0%,
332,世纪画廊,0%,0,0,0%,
333,爱在鼓浪屿(故事体验馆),0%,0,0,0%,
334,梵高星空艺术馆,0%,0,0,0%,
335,厦金湾赶海场,0%,0,0,0%,
336,禾伯鲜农创新农场,0%,0,1,0%,
337,正新汽车国际文化中心,0%,0,0,0%,
338,厦门美璋影像馆,0%,0,0,0%,
339,郑成功石雕像,0%,0,0,0%,
340,艾比仿生机器人体验馆,0%,0,1,0%,
341,英华书院教师楼,0%,0,0,0%,
342,北欧当代艺术中心,0%,0,1,0%,
343,观音山奇幻未来乐园,0%,0,0,0%,
344,宝凤剪纸艺术馆,0%,0,0,0%,
345,城建石塘体育公园,0%,0,0,0%,
346,影视娱乐城,0%,0,0,0%,
347,林志良收藏艺术馆,0%,0,0,0%,
348,厦门海关通讯塔旧址,0%,0,0,0%,
349,君汝海滩,0%,0,0,0%,
350,超旷艺术馆,0%,0,0,0%,
351,西西里小镇,0%,0,0,0%,
352,马銮湾环湾带状公园,0%,0,0,0%,
353,七星法治文化街区,0%,0,0,0%,
354,渔村时光空间,0%,0,0,0%,
355,泰华宸美术馆,0%,0,0,0%,
356,甘露寺,0%,0,0,0%,
357,弗里曼艺术馆,0%,0,0,0%,
358,鼓锣公园,0%,0,0,0%,
359,仧美术馆,0%,0,1,0%,
360,厦门革命烈士事迹陈列馆,0%,0,0,0%,
361,彭德清纪念馆,0%,0,0,0%,
362,鼓浪屿龙头路,0%,0,1,0%,
363,美峰公园,0%,0,1,0%,
364,五缘湾沙滩,0%,0,0,0%,
365,联发文创口岸,0%,0,0,0%,
366,联发东南天地文化创意产业园,0%,0,0,0%,
367,同民医院功德碑,0%,0,0,0%,
368,后溪鸟,0%,0,0,0%,
369,淮阳江氏宗祠,0%,0,0,0%,
370,厦门市思明区东浦路12之二十九,0%,0,0,0%,
371,厦金湾直升机观光体验,0%,0,0,0%,
372,厦门台湾小三通套票,0%,0,0,0%,
373,春归山房,0%,0,0,0%,
374,石伏狮,0%,0,0,0%,
375,嫣熊阁,0%,0,0,0%,
376,烂尾楼,0%,0,1,0%,
377,厦门洪坑岩寺,0%,0,0,0%,
378,西塘社区公园,0%,0,0,0%,
379,奉扬仁风,0%,0,0,0%,
380,金门县政府旧址,0%,0,0,0%,
381,同安造水村樱花园,0%,0,0,0%,
382,虎头山公园,0%,0,0,0%,
383,坂头水库,0%,0,0,0%,
384,鼓浪屿历史文化陈列馆,0%,0,1,0%,
385,白虎岩风景区,0%,0,0,0%,
386,观音寺,0%,0,0,0%,
387,钟鼓山景区空中缆车,0%,0,0,0%,
388,竹坝水库,0%,0,0,0%,
389,杨家园,0%,0,0,0%,
390,厦门大学生物博物馆,0%,0,0,0%,
391,厦门轮渡码头游客中心,0%,0,0,0%,
392,香山,0%,0,1,0%,
393,晚清教育展区,0%,0,0,0%,
394,李家庄,0%,0,0,0%,
395,鼓浪屿-万石山国家重点风景名胜区,0%,0,0,0%,
396,厦鼓轮渡,0%,0,3,0%,
397,鼓楼,0%,0,0,0%,
398,厦门海洋公园,0%,0,0,0%,
399,顶上人家,0%,0,1,0%,
400,和记洋行货栈遗址,0%,0,2,0%,
401,翼盒魔方,0%,0,1,0%,
402,福建省印象五号石文化博物馆,0%,0,0,0%,
403,沙坡尾活态文化展示馆,0%,0,2,0%,
404,白鹭女神雕像,0%,0,7,0%,
405,失恋博物馆·不是爱情广场站,0%,0,0,0%,
406,军梦双拥双创科技园,0%,0,0,0%,
407,汇盈大厦,0%,0,0,0%,
408,鹭潮鼓浪屿美院,0%,0,0,0%,
409,圣旨珍品馆,0%,0,0,0%,
410,保生大帝雕像,0%,0,2,0%,
411,燕尾山午炮遗址,0%,0,2,0%,
412,嘉禾良库文化创意产业园,0%,0,15,0%,
413,捕梦人间,0%,0,0,0%,
414,神奇的盔甲武士世界螃蟹馆,0%,0,0,0%,
415,魔法森林探秘,0%,0,8,0%,
416,孤独的浴缸HiFun市集,0%,0,3,0%,
417,从聿书店,0%,0,4,0%,
418,李府将军庙,0%,0,0,0%,
419,鼓浪屿食物狂想馆,0%,0,89,0%,
420,鹫峰堂,0%,0,1,0%,
421,日本警察署及宿舍旧址,0%,0,0,0%,
422,厦门木天林园林绿化有限公司,0%,0,0,0%,
423,同安城隍庙,0%,0,0,0%,
424,竹坝华侨农场,0%,0,0,0%,
425,曾林社区继成堂相泼公宫,0%,0,0,0%,
426,好味亭博物馆,0%,0,0,0%,
427,厦门家后生态农场,0%,0,0,0%,
428,遇见厦门-奇幻光影展,0%,0,1,0%,
429,厦门同安影视城-长廊,0%,0,1,0%,
430,厦门同安影视城-凉亭,0%,0,0,0%,
431,丽缘园艺,0%,0,0,0%,
432,东坪山半领宫,0%,0,0,0%,
433,白哈礁,0%,0,0,0%,
434,时空魔方,0%,0,92,0%,
435,九龙塘文化园,0%,0,0,0%,
436,名校风华园,0%,0,0,0%,
437,深圳四季青园林花卉有限公司,0%,0,0,0%,
438,厦门失恋博物馆,0%,0,15,0%,
439,鹫峰禅院,0%,0,0,0%,
440,明代大炮,0%,0,0,0%,
441,曾厝安水母世界,0%,0,0,0%,
442,厦门怡亭绿化工程有限公司,0%,0,0,0%,
443,大离浦屿,0%,0,0,0%,
444,小离浦屿,0%,0,0,0%,
445,星空失恋博物馆,0%,0,3,0%,
446,鼓浪屿管风琴艺术中心,0%,0,13,0%,
447,海沧青礁慈济祖宫景区,0%,0,0,0%,
448,厦门文化博览馆,0%,0,0,0%,
449,厦门尚忠文明街,0%,0,0,0%,
450,厦门博饼民俗街,0%,0,0,0%,
451,前埔不夜城,0%,0,10,0%,
452,厦门莲坂时尚地下街,0%,0,0,0%,
453,厦门摩尔莲花美食街,0%,0,0,0%,
454,厦门闽台特色食品街,0%,0,0,0%,
455,厦门金山花园商业街,0%,0,0,0%,
456,厦门假日集市地下步行街,0%,0,0,0%,
457,厦门虎城美食街,0%,0,0,0%,
458,湖里金街,0%,0,0,0%,
459,厦门光华美食街,0%,0,0,0%,
460,厦门古城风云游览馆,0%,0,0,0%,
461,厦门福满步行街,0%,0,0,0%,
462,厦门福津商业大街,0%,0,0,0%,
463,厦门福隆美食街,0%,0,0,0%,
464,厦门服饰商业街,0%,0,0,0%,
465,厦门都市恬园商业步行街,0%,0,0,0%,
466,厦门CE尚品街,0%,0,0,0%,
467,莲花森林公园,0%,0,0,0%,
468,福建海洋珍稀物种自然保护区,0%,0,0,0%,
469,东方龙珠城堡,0%,0,0,0%,
470,厦门工学院,0%,0,0,0%,
471,星空魔幻城,0%,0,9,0%,
472,濒危灭绝动物探索馆,0%,0,4,0%,
473,中非世野野生动物园,0%,0,13,0%,
474,晓学堂·虫洞书店,0%,0,12,0%,
475,香山公园,0%,0,10,0%,
476,台湾街,0%,0,0,0%,
477,千波亭,0%,0,1,0%,
478,林氏府,0%,0,0,0%,
479,厦大群贤楼群,0%,0,3,0%,
480,厦门大学(思明校区)-钟林美广场,0%,0,5,0%,
481,厦门海关验货员公寓旧址,0%,0,0,0%,
482,瞰青别墅,0%,0,1,0%,
483,英国伦敦差会女传教士宅,0%,0,4,0%,
484,英商亚细亚火油公司旧址,0%,0,0,0%,
485,厦门表白墙,0%,0,0,0%,
486,雨林世界,0%,0,19,0%,
487,海堤公园,0%,0,6,0%,
488,天湖大厦,0%,0,0,0%,
489,环岛路烂尾楼,0%,1,1,0%,面朝大海的白色烂尾楼，背景是一览无余的蓝色大海，加上废墟感的简约楼梯，是小众又好看的拍照地，这里又被喻为废墟版纪念碑谷。
490,悦成老爷车博物馆,0%,0,5,0%,
491,厦门红点设计博物馆,0%,0,15,0%,
492,凌云玉石博物馆,0%,0,36,0%,
493,舫山儿童公园,0%,0,3,0%,
494,厦门紫云岩,0%,0,0,0%,
495,弘晏庄木偶艺术馆,0%,0,0,0%,
496,Art.pop泡泡艺术中心,0%,0,14,0%,
497,片仔癀博物馆,0%,0,10,0%,
498,厦门火车站-南广场,0%,0,10,0%,
499,青礁村院前社,0%,0,2,0%,
500,珊瑚礁海洋世界,0%,0,36,0%,
501,林文庆别野,0%,0,1,0%,
502,莲福美术馆,0%,0,0,0%,
503,青礁慈济祖宫-凉亭,0%,0,2,0%,
504,三国广场,0%,0,0,0%,
505,财富广场,0%,0,0,0%,
506,奥永广场,0%,0,2,0%,
507,东屿堂,0%,0,0,0%,
508,林语花溪体验中心,0%,0,0,0%,
509,萨本栋广场,0%,0,0,0%,
510,厦门吕塘香山,0%,0,0,0%,
511,国际园中心广场,0%,0,0,0%,
512,棋乐广场,0%,0,0,0%,
513,静志寺塔基地宫,0%,0,0,0%,
514,画廊旅馆(故驿店),0%,0,7,0%,
515,天衢古道公园(建设中),0%,0,0,0%,
516,日东公园-音乐广场,0%,0,0,0%,
517,古楼龙山宫,0%,0,0,0%,
518,埭头慈济宫,0%,0,0,0%,
519,湖里街道仙岳山激情广场,0%,0,2,0%,
520,集美始祖墓,0%,0,1,0%,
521,崎头妈祖宫,0%,0,0,0%,
522,北大生物园(金尚路),0%,0,0,0%,
523,小坪森林公园-莲花国家森林公园,0%,0,0,0%,
524,莲坂村五岳兴莲北山宫,0%,0,0,0%,
525,厦门市集美区后溪镇苏营皇渡庵(皇帝井),0%,0,0,0%,
526,甘露寺,0%,0,1,0%,
527,分源宫,0%,0,0,0%,
528,太岁殿,0%,0,0,0%,
529,正顺宫,0%,0,0,0%,
530,洪山柄东堂宫,0%,0,0,0%,
531,厦门儿童公园一期,0%,0,0,0%,
532,红十字文化广场,0%,0,4,0%,
533,坂美公园,0%,0,0,0%,
534,郎天府宫戏台,0%,0,0,0%,
535,天鹅广场,0%,0,0,0%,
536,时代广场,0%,0,1,0%,
537,吕厝保安宫,0%,0,1,0%,
538,妈祖宫,0%,0,0,0%,
539,半岭土地公庙,0%,0,1,0%,
540,台湾免税公园,0%,0,3,0%,
541,濠头社区-文化广场,0%,0,0,0%,
542,汇丰银行职员公寓旧址,0%,0,5,0%,
543,仔树礼拜堂,0%,0,0,0%,
544,新区福音堂(永升聚会点),0%,0,0,0%,
545,厦门市鼓浪屿风景名胜区-鼓浪屿码头遗迹,0%,0,4,0%,
546,厦门金尚法治文化广场,0%,0,0,0%,
547,中国交通运输部中国救捞,0%,0,0,0%,
548,保提教会,0%,0,0,0%,
549,竹坝芳都观光果园(厦门芳都观光果园有限公司),0%,0,0,0%,
550,一善禅,0%,0,0,0%,
551,英国亚细亚火油公司旧址,0%,0,1,0%,
552,杏林市民广场,0%,0,4,0%,
553,厦门机场-园林广场,0%,0,23,0%,
554,益城教会,0%,0,0,0%,
555,金领广场,0%,0,0,0%,
556,厦门火车站-北广场,0%,0,0,0%,
557,七星音乐岛,0%,0,0,0%,
558,杏林杏西广场,0%,0,0,0%,
559,水晶森林二期,0%,0,0,0%,
560,古楼广场,0%,0,0,0%,
561,湖畔广场,0%,0,0,0%,
562,首开领翔国际二期-首开花郡,0%,0,0,0%,
563,停车场山游乐园西南,0%,0,0,0%,
564,水晶森林一期,0%,0,0,0%,
565,芸溪廉政文化园,0%,0,0,0%,
566,安全文化广场,0%,0,0,0%,
567,幸福广场,0%,0,0,0%,
568,人口文化园,0%,0,0,0%,
569,厦门火车站-小广场,0%,0,0,0%,
570,顶溪头村文化园,0%,0,0,0%,
571,闽王广场,0%,0,0,0%,
572,孔子广场,0%,0,0,0%,
573,旋律广场,0%,0,0,0%,
574,霞梧广场,0%,0,0,0%,
575,厦门·集美法治文化苑,0%,0,2,0%,
576,曾营社区月美文化广场,0%,0,0,0%,
577,风情广场,0%,0,0,0%,
578,法治文化苑,0%,0,0,0%,
579,咖啡公园(湖明店),0%,0,0,0%,
580,奥永城市休闲广场停车场(入口),0%,0,0,0%,
581,南门妈祖庙,0%,0,0,0%,
582,定琳院,0%,0,0,0%,
583,西山郊野公园,0%,0,0,0%,
584,铜钵岩寺,0%,0,0,0%,
585,龙虎宫,0%,0,0,0%,
586,地震公园(同安),0%,0,0,0%,
587,渡桥公园,0%,0,0,0%,
588,华侨大学-校史馆,0%,0,0,0%,
589,如醉初醒,0%,0,0,0%,
590,张氏宗祠,0%,0,2,0%,
591,福星宫,0%,0,0,0%,
592,名松生态园,0%,0,0,0%,
593,白头公园,0%,0,0,0%,
594,211工程院校展示厅-天津大学,0%,0,0,0%,
595,颐和殿,0%,0,0,0%,
596,林氏祠堂,0%,0,0,0%,
597,锦园教堂,0%,0,0,0%,
598,三富翁庙,0%,0,0,0%,
599,游乐设施店,0%,0,0,0%,
600,金汤宫,0%,0,1,0%,
601,九朝汇宝美术馆,0%,0,0,0%,
602,瑞云宫,0%,0,0,0%,
603,华侨大学华文学院-校史馆,0%,0,3,0%,
604,龙海宫,0%,0,0,0%,
605,友唱,0%,0,0,0%,
606,智趣儿童乐园,0%,0,0,0%,
607,关帝庙,0%,0,1,0%,
608,路达厨艺文化艺术博物馆,0%,0,2,0%,
609,林后青龙宫,0%,0,0,0%,
610,福隆体育公园,0%,0,0,0%,
611,寒江雪博物馆,0%,0,0,0%,
612,至善大礼堂,0%,0,0,0%,
613,六一物语,0%,0,0,0%,
614,中华将军纪念馆,0%,0,0,0%,
615,皇隅头圣殿,0%,0,0,0%,
616,广福寺,0%,0,2,0%,
617,陈第·沈有容题名石刻,0%,0,0,0%,
618,友唱,0%,0,0,0%,
619,法师楼,0%,0,0,0%,
620,厦门人防科普长廊,0%,0,0,0%,
621,阮旻锡夕阳寮隐居处遗址,0%,0,0,0%,
622,友唱,0%,0,0,0%,
623,慈济北宫,0%,0,0,0%,
624,郑成功读书处,0%,0,0,0%,
625,厦港龙珠殿,0%,0,1,0%,
626,植物园科普展馆,0%,0,14,0%,
627,朝宗宫,0%,0,0,0%,
628,陈金方故居,0%,0,0,0%,
629,闽台中医药博物馆,0%,0,1,0%,
630,厦门禅心书画院,0%,0,0,0%,
631,琇源科技3d艺术质感涂料(同安区总代理),0%,0,0,0%,
632,叶郡马墓,0%,0,0,0%,
633,兴贤宫行宫,0%,0,2,0%,
634,蔡献臣墓,0%,0,0,0%,
635,关帝庙,0%,0,0,0%,
636,长兴庙,0%,0,0,0%,
637,北山公园,0%,0,0,0%,
638,轮机,0%,0,0,0%,
639,鞋神遗址(埭头店),0%,0,0,0%,
640,仙帝庙,0%,0,0,0%,
641,敬礼,0%,0,0,0%,
642,大梦想5号,0%,0,0,0%,
643,小东山龙会宫,0%,0,0,0%,
644,龙惠宫,0%,0,0,0%,
645,后浦戏台,0%,0,0,0%,
646,东山岩,0%,0,0,0%,
647,美女土楼·木雕博物馆,0%,0,0,0%,
648,游乐设施,0%,0,0,0%,
649,翻斗乐儿童乐园,0%,0,0,0%,
650,亿儿乐儿童乐园,0%,0,0,0%,
651,厦门海沧玛瑙博物馆,0%,0,0,0%,
652,霞阳市民公园,0%,0,0,0%,
653,友唱,0%,0,0,0%,
654,教体艺,0%,0,0,0%,
655,优贝盛,0%,0,0,0%,
656,迷鹿公园,0%,0,0,0%,
657,仙鹤楼,0%,0,0,0%,
658,永济宫,0%,0,0,0%,
659,洪厝公园,0%,0,0,0%,
660,保生大帝,0%,0,0,0%,
661,镇安宫,0%,0,0,0%,
662,凯9台球会所,0%,0,0,0%,
663,裕鑫古物馆a展区,0%,0,0,0%,
664,东山胜境,0%,0,0,0%,
665,西班首寮,0%,0,0,0%,
666,澎湖阵亡将士祠碑,0%,0,0,0%,
667,诚爱公园,0%,0,2,0%,
668,同文观音堂,0%,0,0,0%,
669,厦门佛教居士林,0%,0,1,0%,
670,真耶稣教会厦港堂,0%,0,0,0%,
671,忠仑神霄宫妈祖庙,0%,0,0,0%,
672,集福堂,0%,0,1,0%,
673,ROCKPARK摇滚公园,0%,0,1,0%,
674,友唱,0%,0,0,0%,
675,友唱,0%,0,0,0%,
676,Luck Star2,0%,0,0,0%,
677,湖里人口文化园,0%,0,0,0%,
678,在自观,0%,0,0,0%,
679,印合堂,0%,0,0,0%,
680,佛字岩,0%,0,1,0%,
681,强食公园,0%,0,1,0%,
682,龙头山寨遗址,0%,0,6,0%,
683,龙湫庵,0%,0,2,0%,
684,孙中山塑像,0%,0,0,0%,
685,石仓玉禀宫,0%,0,0,0%,
686,代天府,0%,0,0,0%,
687,伽蓝殿,0%,0,1,0%,
688,贝美嘉儿童乐园,0%,0,0,0%,
689,基督教官浔堂,0%,0,0,0%,
690,双圳头基督教堂,0%,0,0,0%,
691,拱辰庙,0%,0,0,0%,
692,厦门银同天后宫,0%,0,1,0%,
693,怀远公园,0%,0,0,0%,
694,昭塘观音寺,0%,0,2,0%,
695,慈悲堂,0%,0,0,0%,
696,哈动园,0%,0,0,0%,
697,前场社区公园,0%,0,0,0%,
698,霞阳植德堂,0%,0,0,0%,
699,佛祖山公园,0%,0,0,0%,
700,内茂社区公园,0%,0,0,0%,
701,新阳人口文化园,0%,0,0,0%,
702,杏北教堂,0%,0,0,0%,
703,天龙寺,0%,0,0,0%,
704,海沧后柯关帝庙,0%,0,0,0%,
705,厦门市湖里区公园管理中心灯塔公园,0%,0,0,0%,
706,王公宫,0%,0,0,0%,
707,颍川衍派,0%,0,0,0%,
708,文化墙,0%,0,0,0%,
709,五岭仙灵阁,0%,0,0,0%,
710,洞炫宫,0%,0,0,0%,
711,晋竹寺,0%,0,0,0%,
712,贝美嘉儿童乐园(前埔店),0%,0,0,0%,
713,哆唻咪儿童乐园,0%,0,0,0%,
714,湖边公园,0%,0,8,0%,
715,雁塔敬贤堂,0%,0,0,0%,
716,西河祠堂,0%,0,1,0%,
717,连心园,0%,0,0,0%,
718,陈嘉庚与青年学生群雕,0%,0,0,0%,
719,能仁寺,0%,0,0,0%,
720,厦门海沧南海观音阁,0%,0,0,0%,
721,厦门消防科技教育馆,0%,0,0,0%,
722,厦门海关新关关署遗址,0%,0,0,0%,
723,快乐学习博物馆小班授课校区,0%,0,0,0%,
724,水陆北宫·灵山寺,0%,0,0,0%,
725,凤山宫,0%,0,0,0%,
726,长园社仙祖庵,0%,0,0,0%,
727,王氏家庙,0%,0,0,0%,
728,黄克立先生纪念室,0%,0,0,0%,
729,张氏祠堂,0%,0,1,0%,
730,路过移动人文空间,0%,0,0,0%,
731,妙莲寺,0%,0,5,0%,
732,西潘六角池街角小公园,0%,0,0,0%,
733,会福殿,0%,0,0,0%,
734,青鸟,0%,0,0,0%,
735,玉石博物馆,0%,0,0,0%,
736,深青古驿站,0%,0,0,0%,
737,保安殿,0%,0,1,0%,
738,威灵殿,0%,0,0,0%,
739,坂尾池王府,0%,0,0,0%,
740,圣诞祈福之旅主办方,0%,0,0,0%,
741,QQ手工坊,0%,0,0,0%,
742,财神宫,0%,0,0,0%,
743,厦门市信息消费体验厅,0%,0,0,0%,
744,金尚公园,0%,0,6,0%,
745,母子铜像,0%,0,0,0%,
746,台湾财神爷堂,0%,0,0,0%,
747,昊天玉皇宫,0%,0,4,0%,
748,龙湫亭,0%,0,1,0%,
749,天主教堂(临时),0%,0,0,0%,
750,白鹭洲公园东公园,0%,0,3,0%,
751,天天哈乐儿童游乐园,0%,0,0,0%,
752,Lai-baby,0%,0,0,0%,
753,福庆宫,0%,0,0,0%,
754,涌泉宫,0%,0,1,0%,
755,安武关帝庙,0%,0,0,0%,
756,中山公园纪念碑,0%,0,1,0%,
757,长兴宫,0%,0,0,0%,
758,多浆植物展馆,0%,0,0,0%,
759,禾济宫,0%,0,0,0%,
760,如意寮,0%,0,0,0%,
761,信园,0%,0,0,0%,
762,云塔寺,0%,0,0,0%,
763,妈祖宫,0%,0,0,0%,
764,欣奇儿童乐园,0%,0,0,0%,
765,地藏殿,0%,0,0,0%,
766,乐羊羊儿童天地,0%,0,0,0%,
767,亭仔庵,0%,0,0,0%,
768,奇乐儿(厦门瑞景店),0%,0,0,0%,
769,洪氏祖陵,0%,0,0,0%,
770,犁园,0%,0,0,0%,
771,跳公园,0%,0,0,0%,
772,洪坑社万应宫,0%,0,0,0%,
773,老虎城三楼新食尚文化美食城广场,0%,0,0,0%,
774,三和宫记摩崖石刻,0%,0,6,0%,
775,厦门归侨史迹馆,0%,0,0,0%,
776,厦门王将文化艺术展览馆,0%,0,0,0%,
777,厦门市建设成就展示厅,0%,0,0,0%,
778,海沧区24小时自助图书馆,0%,0,0,0%,
779,五通灯塔足球训练场,0%,0,0,0%,
780,蔡天安画廊,0%,0,0,0%,
781,厦门文化婚俗展览馆,0%,0,0,0%,
782,钟山剧场,0%,0,0,0%,
783,华荟极地美术,0%,0,0,0%,
784,环亚室内设计公司,0%,0,0,0%,
785,东方红画艺,0%,0,0,0%,
786,街区24小时自助图书馆,0%,0,0,0%,
787,厦门图书馆(市政务服务中心分馆),0%,0,0,0%,
788,坂上蓝球场,0%,0,0,0%,
789,东山蓝球场,0%,0,0,0%,
790,童画少儿美术馆,0%,0,0,0%,
791,多福居船木艺术馆,0%,0,0,0%,
792,随安古美术馆,0%,0,5,0%,
793,厦门市园建园林有限公司,0%,0,0,0%,
794,集美区24小时自助图书馆(霞梧路),0%,0,0,0%,
795,纺织社区书院,0%,0,0,0%,
796,思明区24小时自助图书馆,0%,0,0,0%,
797,集美区24小时自助图书馆,0%,0,0,0%,
798,明德英文图书馆,0%,0,0,0%,
799,集美区24小时自助图书馆(九天湖路),0%,0,0,0%,
800,湖里区24小时自助图书馆,0%,0,0,0%,
801,下坂戏剧场,0%,0,0,0%,
802,圣格尔画廊,0%,0,0,0%,
803,阿兰诺画廊,0%,0,0,0%,
804,添彩画廊,0%,0,0,0%,
805,思明区24小时自助图书馆,0%,0,0,0%,
806,少儿图书馆前埔北区分馆,0%,0,0,0%,
807,湖里区24小时自助图书馆,0%,0,0,0%,
808,无界限青少年剧场(思明剧场),0%,0,0,0%,
809,印象五号·石文化艺术馆,0%,0,0,0%,
810,径美画廊,0%,0,0,0%,
811,臻品艺术馆,0%,0,0,0%,
812,祥风画廊,0%,0,0,0%,
813,支点画廊,0%,0,0,0%,
814,彩艺空间画廊,0%,0,0,0%,
815,湖里区24小时自助图书馆,0%,0,0,0%,
816,哲福画廊,0%,0,0,0%,
817,吉萃画廊,0%,0,0,0%,
818,永良奇石馆,0%,0,0,0%,
819,客家缘球场(小炒店),0%,0,0,0%,
820,木子李画廊,0%,0,0,0%,
821,曾美莲画廊,0%,0,0,0%,
822,浙西画廊,0%,0,0,0%,
823,高远艺术馆,0%,0,0,0%,
824,壹笔画廊,0%,0,0,0%,
825,中国思健蜂主题健康科技馆,0%,0,0,0%,
826,扎克仪器技术有限公司,0%,0,0,0%,
827,渊轩画廊,0%,0,0,0%,
828,千江月画廊,0%,0,0,0%,
829,柒宝斋,0%,0,0,0%,
830,豪凯鑫画廊,0%,0,0,0%,
831,奕金画廊,0%,0,0,0%,
832,泉舜艺术馆,0%,0,0,0%,
833,厦门灵玲动物王国,0%,0,12,0%,
834,优尔美画廊,0%,0,0,0%,
835,博古性文化馆,0%,0,0,0%,
836,蒋伯伯,0%,0,0,0%,
837,马士基,0%,0,0,0%,
838,上街上饮,0%,0,0,0%,
839,球场会馆餐厅,0%,0,0,0%,
840,爱家生活馆,0%,0,0,0%,
841,厦门图书馆(五通分馆),0%,0,0,0%,
842,来厦员工图书馆,0%,0,0,0%,
843,厦门图书馆(灌口分馆),0%,0,0,0%,
844,少儿英语培训-原版美国教材,0%,0,0,0%,
845,伯雅书画展览馆,0%,0,0,0%,
846,番子澳,0%,0,0,0%,
847,Up-game,0%,0,0,0%,
848,程强开心游乐园,0%,0,0,0%,
849,变形金刚30周年展,0%,0,0,0%,
850,伴学童儿童淘气乐园,0%,0,0,0%,
851,奇幻_不思议3D奇幻艺术画展,0%,0,0,0%,
852,陈嘉庚纪念胜地景区,0%,0,0,0%,
853,丹心卓艺画苑,0%,0,0,0%,
854,瀚画廊,0%,0,0,0%,
855,涂途画苑,0%,0,0,0%,
856,染,0%,0,0,0%,
857,上上品家居艺术馆,0%,0,0,0%,
858,罗宾森3d画展,0%,0,9,0%,
859,弘慈书画苑,0%,0,0,0%,
860,四合书画苑,0%,0,0,0%,
861,军事博物馆,0%,0,0,0%,
862,纯真博物馆,0%,0,0,0%,
863,华美家具艺术馆,0%,0,0,0%,
864,波比足球俱乐部,0%,0,0,0%,
865,蜂道文化馆,0%,0,0,0%,
866,上古博物馆,0%,0,0,0%,
867,蜂道文化馆,0%,0,0,0%,
868,sugar社交油画,0%,0,0,0%,
869,圣达辉画廊,0%,0,0,0%,
870,忆宝斋陈设艺术馆,0%,0,0,0%,
871,天鹅湖文化艺术馆,0%,0,0,0%,
872,汇友户外·穿越万石植物园,0%,0,11,0%,
873,立林画廊,0%,0,0,0%,
874,宝树轩书画院,0%,0,0,0%,
875,中沧艺博艺术馆,0%,0,0,0%,
876,大洋美术馆,0%,0,0,0%,
877,海沧油画城,0%,0,0,0%,
878,领军之韵红木艺术馆,0%,0,0,0%,
879,阿特斯文化艺术馆金尚馆,0%,0,0,0%,
880,厦港街道鸿山社区图书阅览室,0%,0,0,0%,
881,沧海油画村,0%,0,0,0%,
882,闽台书画院,0%,0,0,0%,
883,台湾画院(厦门分院),0%,0,0,0%,
884,翔兴怡游乐,0%,0,0,0%,
885,吾得馨画行,0%,0,0,0%,
886,厦门图书馆(同安工业集中区分馆),0%,0,0,0%,
887,东孚城市规划展示馆,0%,0,0,0%,
888,阳光乐园,0%,0,0,0%,
889,笔架山,0%,0,0,0%,
890,两岸金融中心展馆,0%,0,0,0%,
891,艺峰书画院,0%,0,0,0%,
892,非物质文化遗产馆,0%,0,0,0%,
893,少年先锋队队歌广场,0%,0,0,0%,
894,水源宫,0%,0,1,0%,
895,凤山庵,0%,0,0,0%,
896,福源宫,0%,0,0,0%,
897,仙岳山-土地公庙,0%,0,9,0%,
898,基督教寨上堂,0%,0,4,0%,
899,高林公园,0%,0,5,0%,
900,凤凰园,0%,0,3,0%,
901,五一文化广场,0%,0,15,0%,
902,女神广场,0%,0,25,0%,
903,馨园,0%,0,3,0%,
904,演武池遗址,0%,0,5,0%,
905,鹭岛名山,0%,0,0,0%,
906,演武公园,0%,0,19,0%,
907,帆礁宫,0%,0,0,0%,
908,鹭江社区公园,0%,0,16,0%,
909,陈化成墓,0%,0,3,0%,
910,庆福寺,0%,0,4,0%,
911,嘉禾园,0%,0,26,0%,
912,清真寺,0%,0,2,0%,
913,朝天宫,0%,0,1,0%,
914,厦门雪峰寺,0%,0,3,0%,
915,顺济宫,0%,0,0,0%,
916,鸽子广场,0%,0,17,0%,
917,劳动公园,0%,0,9,0%,
918,城隍庙,0%,0,8,0%,
919,慈济圣宫,0%,0,0,0%,
920,池王宫,0%,0,8,0%,
921,拱莲古寺,0%,0,0,0%,
922,芦山堂,0%,0,5,0%,
923,东山古庙,0%,0,5,0%,
924,同安古城墙,0%,0,4,0%,
925,葫芦山烈士陵园,0%,0,2,0%,
926,西山岩寺,0%,0,0,0%,
927,东岳行宫,0%,0,1,0%,
928,宅内古榕公园,0%,0,3,0%,
929,月美池公园,0%,0,5,0%,
930,大明寺,0%,0,0,0%,
931,城隍庙,0%,0,0,0%,
932,铁炉宫,0%,0,1,0%,
933,复兴宫,0%,0,0,0%,
934,古榕公园,0%,0,5,0%,
935,金嶝回归寺,0%,0,1,0%,
936,仙岳山福德正神庙,0%,0,13,0%,
937,崇仙宫,0%,0,2,0%,
938,宝海堂,0%,0,0,0%,
939,第一码头,0%,0,39,0%,
940,擁湖宫,0%,0,11,0%,
941,福海宫,0%,0,26,0%,
942,蔡复一故居,0%,0,2,0%,
943,天竺岩寺,0%,0,4,0%,
944,双溪公园,0%,0,9,0%,
945,牛头山,0%,0,8,0%,
946,芸溪居住公园,0%,0,2,0%,
947,同安蝴蝶谷,0%,0,0,0%,
948,筼筜内湖,0%,0,27,0%,
949,薛岭山公园,0%,0,18,0%,
950,仙洞山,0%,0,5,0%,
951,乌营寨山,0%,0,0,0%,
952,太清宫,0%,0,13,0%,
953,松柏山,0%,0,5,0%,
954,上李山,0%,0,1,0%,
955,三秀山,0%,0,0,0%,
956,芹山,0%,0,0,0%,
957,南堤公园,0%,0,7,0%,
958,磨心山,0%,0,9,0%,
959,妙清寺,0%,0,2,0%,
960,基督教,0%,0,6,0%,
961,后厝山,0%,0,14,0%,
962,鬼仔坑水库,0%,0,0,0%,
963,归来园,0%,0,11,0%,
964,厦门东坪山旅游度假区,0%,0,4,0%,
965,东芳山,0%,0,13,0%,
966,大溪山,0%,0,0,0%,
967,锄山,0%,0,1,0%,
968,厦门市第二中学鼓浪屿校区,0%,0,27,0%,
969,厦大一条街,0%,0,39,0%,
970,集美游览区,51,0,30,0%,
971,莲花山,0%,0,7,0%,
972,嵩屿电厂,0%,0,7,0%,
973,海下隧道,0%,0,8,0%,
974,翔安古宅,0%,0,0,0%,
975,海沧儿童公园蝴蝶生态园,329,0,14,0%,
976,港头公益图书馆,119,1,3,0%,
977,厦门工人文化宫,293,0,11,0%,
978,长颈鹿书房,295,0,3,0%,
979,厦门电影制片厂,303,0,5,0%,
980,老院子民俗文化风情园景区,347,0,9,0%,
981,五缘湾百舸水上运动俱乐部,31,0,1,0%,
982,尚悠海陆空俱乐部,313,0,4,0%,
983,厦门大学翔安校区-图书馆,315,0,14,0%,
984,24小时自助图书馆,291,0,5,0%,
985,同安区少儿图书馆,290,0,5,0%,
986,厦门大学图书馆曾厝埯分馆,342,0,16,0%,
987,同安图书馆,213,0,7,0%,
988,筼筜书院,345,0,12,0%,
989,24小时自助图书馆,351,0,2,0%,
990,24小时自助图书馆(祥店路),353,0,12,0%,
991,少年儿童图书馆(东荣社区分馆),221,0,2,0%,
992,海沧区图书馆,348,0,13,0%,
993,厦门大学图书馆·法学分馆,350,0,7,0%,
994,翔安区图书馆,351,0,6,0%,
995,新店文化广场,209,0,3,0%,
996,苏颂文化广场,362,0,0,0%,
997,郑年锦图书馆,365,0,4,0%,
998,厦门图书馆(杏林分馆),188,0,10,0%,
999,少年儿童图书馆,352,0,9,0%,
1000,俊秀图书馆,363,0,2,0%,
1001,集美市民公园,354,0,8,0%,
1002,莲塘别墅,355,1,1,0%,
1003,杰熙帆船游艇,289,0,0,0%,
1004,新城市民广场,288,0,6,0%,
1005,金街,357,1,12,0%,
1006,桥·空间,287,0,3,0%,
1007,七彩池,360,0,1,0%,
1008,白交祠,361,0,1,0%,
1009,苏营皇帝井(皇渡庵),362,0,2,0%,
1010,腾邦欣欣旅游产业园,372,0,0,0%,
1011,自贸公园,364,0,1,0%,
1012,老城微展馆,217,0,1,0%,
1013,福建省鼓浪屿馅饼食品文化博物馆,286,0,29,0%,
1014,少年儿童图书馆(文灶馆),368,0,23,0%,
1015,厦门美术馆(文化馆),369,0,2,0%,
1016,白鹭洲公园音乐广场,285,1,22,0%,
1017,厦门儿童公园二期,370,0,19,0%,
1018,开禾路口,371,1,16,0%,
1019,罗扬才烈士陵园,284,0,1,0%,
1020,联发华美空间,187,3,21,0%,
1021,陈嘉庚珍藏文物展,218,0,8,0%,
1022,会展步行街,373,0,9,0%,
1023,出米岩,374,0,0,0%,
1024,思明区文化馆,377,0,17,0%,
1025,闽南古镇,379,1,41,0%,
1026,回旋炮,52,0,1,0%,
1027,津贺杨梅园,281,0,0,0%,
1028,厦门市动物园,380,0,16,0%,
1029,厦门城遗址,54,0,5,0%,
1030,嘉庚文化广场,390,0,8,0%,
1031,南普陀寺钟楼,383,0,12,0%,
1032,圆海宫,384,0,0,0%,
1033,鹰坑谷民俗文化园,385,0,0,0%,
1034,许通海微雕博物馆,386,0,0,0%,
1035,中山公园花展西院,387,0,8,0%,
1036,洋麻山森林公园,388,0,1,0%,
1037,三官道院,389,0,0,0%,
1038,厦门大学鼓浪屿环岛路,280,0,50,0%,
1039,心和美术园,65,0,0,0%,
1040,海洋三所鲸豚展馆,404,0,1,0%,
1041,火炬公园,99,0,13,0%,
1042,美仁园,392,0,8,0%,
1043,中华白海豚雕像,393,0,2,0%,
1044,厦门国际动漫展,394,0,8,0%,
1045,宝荣通美术馆,395,0,0,0%,
1046,侏罗纪活体恐龙展,396,0,4,0%,
1047,南尾井,186,0,0,0%,
1048,风景湖公园,279,0,5,0%,
1049,扬帆公园,403,1,1,0%,
1050,基督教两会,413,0,1,0%,
1051,银湖公园,405,0,12,0%,
1052,延平楼,406,0,4,0%,
1053,香山岩寺,407,0,27,0%,
1054,厦门市同安区科技馆,408,0,1,0%,
1055,万寿塔(东),409,1,13,0%,
1056,苏颂公园,410,0,7,0%,
1057,福隆·国际商业步行街,411,0,10,0%,
1058,传世艺宫美术馆,278,0,1,0%,
1059,陈化成祠,412,0,3,0%,
1060,厦门规划展览馆,420,0,2,0%,
1061,仁海艺术馆,414,0,4,0%,
1062,汉堂美术馆,415,0,2,0%,
1063,武西殿土地公庙,416,0,0,0%,
1064,万佛宝塔,417,1,2,0%,
1065,妈祖像,276,0,5,0%,
1066,谦记古美术馆,170,0,4,0%,
1067,古龙居住公园,418,0,9,0%,
1068,前埔健身公园,184,0,34,0%,
1069,巴黎广场步行街,210,0,21,0%,
1070,湖里步行街,428,0,1,0%,
1071,世纪画廊,102,0,0,0%,
1072,花展馆,168,0,1,0%,
1073,厦门大学校史展览馆,421,0,30,0%,
1074,厦门市美术馆,271,0,20,0%,
1075,厦门图书馆(鼓浪屿分馆),166,0,27,0%,
1076,厦门少年儿童图书馆(公园分馆),35,0,15,0%,
1077,厦门市思明区图书馆,422,0,39,0%,
1078,长宏影剧院,425,0,0,0%,
1079,新城规划展厅,427,0,0,0%,
1080,后溪镇油菜花,95,0,1,0%,
1081,海沧大桥牛头山旅游区,429,0,2,0%,
1082,环岛路海滩,431,2,36,0%,
1083,旧雨今来轩画廊,212,0,6,0%,
1084,荣光宝藏博物院,433,0,9,0%,
1085,观音山海滨旅游商业街,434,0,4,0%,
1086,友铭堂大型综合体验馆,435,0,3,0%,
1087,嘉庚图书馆,26,1,18,0%,
1088,陈化成故居,438,1,10,0%,
1089,太阳湾海滨游乐场,268,0,0,0%,
1090,普光寺,200,0,2,0%,
1091,埭辽水库,440,1,47,0%,
1092,厦门妙法林寺,442,0,6,0%,
1093,凤山庙,443,0,7,0%,
1094,朝元观,444,0,9,0%,
1095,蔡尖尾山,445,0,10,0%,
1096,虎仔山路,446,1,10,0%,
1097,锄山村,205,0,6,0%,
1098,新街堂,447,1,14,0%,
1099,鸿渐山,451,1,2,0%,
1100,延平公园,265,0,8,0%,
1101,佛心寺,73,0,2,0%,
1102,数星园休闲区,453,0,4,0%,
1103,雄狮瀑布,454,0,4,0%,
1104,厦门牛庄文化馆,455,0,27,0%,
1105,殷承宗琴屋,456,0,14,0%,
1106,龙源宫,74,0,13,0%,
1107,观音寺,457,1,50,0%,
1108,厦门航天测控站,208,0,6,0%,
1109,经济特区纪念馆,458,0,49,0%,
1110,英雄山,78,1,4,0%,
1111,杉际内,75,0,2,0%,
1112,金山松石,470,0,6,0%,
1113,大清厦门一等邮局遗址,471,0,40,0%,
1114,厦门市少儿图书馆中山公园馆,263,0,39,0%,
1115,闽南佛学院,473,0,14,0%,
1116,洪本部巷,262,0,7,0%,
1117,许家园,474,0,15,0%,
1118,陈士京墓,76,0,2,0%,
1119,林屋,77,0,10,0%,
1120,弘一大师纪念园,195,0,23,0%,
1121,滨海大道,79,2,29,0%,
1122,关隘礼拜堂,476,0,12,0%,
1123,林巧稚纪念馆,477,2,29,0%,
1124,福建路,80,1,22,0%,
1125,厦门理工学院,81,1,45,0%,
1126,宁远楼,478,1,36,0%,
1127,原英国领事馆,82,1,18,0%,
1128,原日本领事馆,84,0,9,0%,
1129,陈嘉庚纪念馆,85,1,58,0%,
1130,五缘湾海水浴场,89,0,27,0%,
1131,台湾小吃街,436,6,369,0%,
1132,后空间,25,0,16,0%,
1133,耶稣君王堂,261,0,3,0%,
1134,敬贤公园,86,1,55,0%,
1135,磨鑫山,198,0,28,0%,
1136,局口街,135,3,77,0%,街上有五六十家时尚前卫的女士服装店，又称女人街。
1137,集美中学,71,3,46,0%,
1138,鼓浪屿中华路,486,0,51,0%,
1139,水操台,87,1,35,0%,
1140,上玄场楼群,495,0,50,0%,
1141,厦门大学颂恩楼,487,0,150,0%,
1142,南普陀寺放生池,192,0,168,0%,
1143,野山谷生态乐园,190,0,113,0%,
1144,湖里公园,489,0,118,0%,
1145,厦门海沧大桥旅游区,151,0,158,0%,
1146,中岩玉笏,143,0,2,0%,
1147,大轮山公园,492,0,19,0%,
1148,苏颂科技馆,493,0,8,0%,
1149,厦门小坪森林公园,494,0,11,0%,
1150,同安孔庙,501,0,64,0%,
1151,大悲殿,496,7,56,0%,
1152,大雄宝殿,258,1,58,0%,
1153,天王殿,118,1,68,0%,
1154,藏经阁,497,2,59,0%,
1155,钟林美广场,136,0,0,0%,钟林美广场建在西校门入口处的囊萤楼前，是海外华人钟宝玉兄弟姐妹为纪念母亲钟林美女士，捐赠款港币60万元建造的，1994年5月竣工。广场最主要的景观是在喷水池後面铜雕一似浪非浪、似鸟非鸟、似书非书的腾飞物，象征厦大一切都在腾飞。
1156,建南楼群,498,1,0,0%,建南楼群系20世纪50年代初，由陈嘉庚先生的女婿李光前先生捐资、陈嘉庚先生督造的，包括建南大会堂、成义楼、成智楼、南安楼、南光楼五幢大楼，曾是厦大颇具风格的标志性建筑群。
1157,建南大礼堂,499,2,20,0%,
1158,群贤楼群,257,1,1,0%,"厦门大学群贤群楼群五幢一字排列，建在厦门市五老峰下、南普陀寺前的演武场上。以居中建筑、装饰最考究、体量也最大(2725平方米)作校办公用的群贤为名。东边为集美、映雪。西边为同,安、囊萤。建于1921-1922年，建筑面积9576平方米。为陈嘉庚独资兴…"
1159,嘉庚楼群,500,1,0,0%,"嘉庚楼群座落于中国最美的大学–厦门大学校园内。该楼群以厦门大学的创办人，著名爱国华侨陈嘉庚先生的名字命名。它是厦门大学建筑系师生自已设计，由五个相连的楼组成，位于风景秀丽芙蓉湖畔。是厦门大学的标志性景观。
　　"
1160,西校门,509,3,0,0%,西校门建在厦大旧主楼群贤楼群西边，由台胞、我校名誉校友张子露先生捐赠10万美元建造，1991年3月落成。西校门高7.4米，长25米，建筑面积120平方米。采用花岗石材，以左右延伸的弧面、上方两角微微翘起的长方形为造型基调，主体对称式构图上面配以…
1161,南校门,182,2,0,0%,厦大有南校门，就是所谓的主校门，并不是因为它在学校的南边，只是因为毗邻南普陀寺而得名，出了南校门便是沙滩。南校门股部而端正庄严。一批批朝气蓬勃、热情洋溢的学子从这里开始大学之旅，一代代踌躇满志、怀揣憧憬的人才从这里踏入新的征途。
1162,滴水岩,502,1,0,0%,植物园的一个优胜的去处，这里很幽静，空气清新，可以俯瞰半个植物园！
1163,骆驼峰,181,0,0,0%,樵溪古桥、高读琴洞位于雨林世界内。
1164,澎湖阵亡将士台,503,0,0,0%,巨大的石碑上镌“澎湖阵亡将士之灵”八个大字，笔力遒劲。
1165,琴洞,504,1,0,0%,沿涧水上行有天然石洞，涧水穿洞而过，洞内有卧石如琴，溪水抚石，如弦带音，“倾耳静听流水调，却疑钟子写水弦”，故名“琴洞”。
1166,万笏朝天,505,1,0,0%,“万笏朝天”是厦门旧二十四景中小八景之一。过去万石山上未成片植树，远远望去，均为怪石。
1167,万石莲寺,506,0,12,0%,
1168,象鼻峰,507,0,0,0%,“象鼻峰”由两石并成，高七、八丈，两石间隙极小，貌酷似象鼻，石头上面镌刻“象鼻峰”，是清朝雍正年间厦门海防同知李璋所题。
1169,万石涵翠,508,2,0,0%,湖上“春秋”、“天趣”双桥成趣，另有“仰止亭”、“沧趣亭”、“适然榭”等水榭亭台点缀其上，波光荡漾，意趣超凡。
1170,太平石笑,519,1,22,0%,
1171,郑成功读书处,510,1,0,0%,洞上有一八角亭，乃“郑延平郡王读书处”，当年，这里浓荫蔽日，格外清幽，郑成功曾住在太平岩寺，常到海云洞读书，谛听溪中泉水奔流。
1172,新碑林,511,0,8,0%,
1173,天界晓钟,512,1,0,0%,以前这里的和尚每天清晨要敲钟下，以解“一百零八烦恼之梦”。
1174,醴泉洞,513,0,0,0%,天界寺脚下有一洞，洞内有一井，洞中有泉水涌出，水质甘洌，可以酿酒，所以又称“醴泉”，洞也称“醴泉洞”。
1175,长啸洞,514,0,0,0%,天界寺后有一天然岩洞，洞中有石刻，为清乾隆时期黄日纪所题。
1176,棕榈植物区,515,0,0,0%,棕榈科植物多为优良的园林植物，除观赏外，还可作纤维、食品、油脂、淀粉、药材、藤材、香料等原料及建筑材料。
1177,科普展馆,516,0,0,0%,向广大群众介绍了植物的基础知识、植物园的特色景观、园内的珍奇植物以及园内常见的动物等。
1178,药用植物区,517,0,0,0%,药用植物区主要集中种植的药用植物260多种，主要是厦门地区常见和从各地引种的药用植物种类。
1179,苏铁园,518,0,0,0%,苏铁专类园，本园至今已引种保存泽米铁科6属25种和3个变种，约占世界泽米铁科植物种类的16%，丰富了我国的苏铁目植物资源。
1180,藤本植物区,256,1,0,0%,藤本区位于万石山腰，该区栽植藤本植物的标准是指不能单独直立，以观赏性藤本为主，包括观叶、观花、观果、观茎等。
1181,竹类植物区,520,0,0,0%,竹径位于万石湖北侧步行道，依高低错落、曲直有致的地形地势，沿石阶铺就的小路两旁交互列植。
1182,百花厅,521,1,19,0%,
1183,花卉园,522,1,1,0%,厦门市园林植物园花卉园园区保持日日有花，常年不断，形成别具一格的“花的海洋，花的世界”，是厦门市园林植物园最具特色植物专类园区，深受国内外游客的欢迎。
1184,裸子植物区,523,0,0,0%,裸子植物多为用材树种，有不少是优良的园林绿化树种。
1185,南洋杉草坪,524,1,0,0%,南洋杉草坪位于万石湖南侧，含疏林草坪和南洋杉林带，是园内具有明显特色的景区之一，种植高大挺拔的各种南洋杉科植物，是游人休憩、嬉戏的良好场所。
1186,蔷薇园,525,1,4,0%,
1187,沙生植物区,526,7,14,0%,
1188,市花园,527,1,0,0%,由于三角梅耐贫瘠，适应性强，生命力旺盛，体现厦门特区人民坚韧不拔、吃苦耐劳、热情奔放、开拓进取的精神。市花园集中展示厦门市市花三角梅，以让更多的人了解市花，爱市花，爱厦门。
1189,雨林世界,215,9,2,0%,雨林世界位于紫云景区内，植物园的两大水系之一樵溪横穿其中，区内现存厦门旧二十四景的景外景“紫云得路”和“高读琴洞”，并有厦门市文物保护单位，建于明代万历年间的樵溪桥。
1190,百花厅荫棚,196,0,0,0%,百花厅荫棚，建筑位于百花厅东北角，与雨林景区、百花厅和奇趣区毗邻交融，是突出观赏蕨类植物为主题的荫生园区。
1191,双层木马,528,0,0,0%,
1192,波浪翻滚,255,1,0,0%,
1193,海盗船,254,0,0,0%,
1194,空中飞舞,121,0,0,0%,
1195,飞越极限,157,1,0,0%,
1196,暴风眼,252,1,0,0%,
1197,决战金山寺,169,1,0,0%,
1198,丛林的故事,126,1,0,0%,
1199,大摆锤,529,1,0,0%,
1200,生命之光,92,1,0,0%,
1201,魔法城堡,251,1,0,0%,
1202,极地快车,155,1,0,0%,
1203,聊斋,153,0,0,0%,
1204,逃出恐龙岛,250,1,0,0%,
1205,秦陵历险,101,1,0,0%,
1206,宇宙博览会,530,0,0,0%,
1207,童梦天地,531,0,0,0%,
1208,魔法美术馆,532,0,0,0%,
1209,故宫鼓浪屿外国文物馆,249,2,20,0%,
1210,原德国领事馆遗址,539,2,1,0%,德国驻厦门领事馆是德国曾派驻中国厦门的领事级外交代表机构，自1864年起设立，1870年于鼓浪屿鹿礁建馆舍，其馆址与英国领事馆相毗邻。同时在旗尾山建有领事官邸。全盛时期的领区范围辖福建、台湾两省。第一次世界大战德国战败后，该领事馆撤销，领…
1211,时钟楼,93,1,42,0%,
1212,同安钟楼,94,0,13,0%,
1213,牛头山·环游世界气球主题乐园,533,0,0,0%,牛头山·环游世界气球主题乐园位于东渡牛头山公园桥梁博物馆内。
1214,鸿山隧道,446,2,3,0%,
1215,南关圣教书局,536,1,0,0%,这是一个闽南教会专门服务教徒的书店，而里面摆放的闽南白话字编印的教会典籍则成了她最大的特色。
1216,观音山萌宠动物园,95,1,1,0%,神奇动物在哪里，在观音山萌宠动物园里！
1217,大轮山风景区,87,0,0,0%,大轮山位于同安城东1公里，山脚下到上顶仅100多米，修有专门的登山道。山上刻有多处摩崖石刻，顶端还有亭子以及木质瞭望台，可观看同安城风景。
1218,珩厝慈灵宫,537,0,0,0%,慈灵宫奉祀湄洲妈祖林默娘。南宋时，本来建在珩厝村东北的寨角地处，明嘉靖年间移建于珩厝西王的石湖前的现址，至今已有483年历史。
1219,江夏堂,538,1,18,0%,
1220,西坑村,548,0,6,0%,
1221,马拉松群像雕塑,540,0,15,0%,
1222,荏畲村,247,0,0,0%,同安汀溪镇的荏畲村，保存了完好的自然生态，村内有“花果山”、“蝴蝶谷”等多处原始自然景区，特别是春夏季节，蝴蝶谷内的原始生态美景的确让人流连忘返。荏畲村周边群山上还留下多处古代遗址，最大的一座是西行寨，还有金鸡寨、石鼓寨及武术寨等…
1223,厦门新埯村,541,0,28,0%,
1224,道南楼,147,1,7,0%,
1225,环岛路观光大道,542,3,3,0%,
1226,鸿山寺,543,1,29,0%,
1227,五峰村,544,0,3,0%,
1228,马塘村,545,0,0,0%,“厦门第一村”马塘村中，村民住宅整齐有序，村间水泥道路宽敞通达，工业厂房错落有致，处处绿树鲜花。附近的大帽山三角梅园，如逢花期时，则一片姹紫嫣红，为市民带来一个新的山地生态休闲娱乐花园。翠绿丛林，蓝天白云，构筑了一个清心“氧”肺的…
1229,昭惠宫,547,0,9,0%,
1230,厦门革命烈士陵园,96,1,26,0%,
1231,集盒艺术营,246,0,0,0%,厦门集盒艺术营是集客栈、酒吧、餐厅、设计工作室、文化交流中心于一体的艺术园区。这里有清新的空气自然的光景和闲庭信步的悠然的生活，清风星月间感受点点的艺术。——若无闲事挂心头，便是人间好时节。
1232,竹树堂,161,1,9,0%,
1233,苎溪桥,549,0,0,0%,
1234,深青驿遗址,551,0,0,0%,深青驿是古代同安连接漳、泉两地的古驿道驿站之一。遗址现存深青桥和驿楼两部分。深青桥始建于南宋，初为木板桥，后改为石桥。驿楼横跨于深青村口古驿道上，俗称过街楼，始建于元。
1235,文山景区,552,0,0,0%,
1236,内田村,553,0,0,0%,内田村是厦门十大最美乡村之一，辖区内有金光湖景区，被誉为“闽南的西双版纳”， 这里盛产砂仁、“金毛狗”、灵芝草、风鼓草、绞股蓝等名贵中草药。
1237,玩月坡,554,0,39,0%,
1238,陈文确陈六使陈列馆,132,1,8,0%,
1239,厦门音乐学校,556,1,31,0%,
1240,厦门人民会堂,561,1,37,0%,
1241,四十四桥,558,2,38,0%,
1242,进明寺,29,1,9,0%,
1243,汇丰银行公馆,559,2,34,0%,
1244,安献堂,49,1,6,0%,
1245,黄家花园,97,2,1,0%,黄家花园是黄奕住于1919年建立的即具有欧洲华丽元素，又不乏中国古典设计的住所，号称“中国第一别墅”。
1246,翔安香山岩,35,1,4,0%,翔安香山岩，位于吕塘村，内含古朴的村庄，古老的寺庙，千年以上的老榕树是一处具有古老闽南文化特色的旅游风景区。
1247,鳄鱼屿海岛游,164,0,1,0%,
1248,十二洞天,560,2,55,0%,
1249,启明寺,28,2,29,0%,
1250,演武大桥观景平台,460,10,60,0%,
1251,过坂村,138,0,0,0%,过坂村土壤较肥沃，气候条件较好，夏无酷暑，冬无严寒，终年无霜，雨量丰沛，对发展农业作物种植极为有利。
1252,云洋村,146,0,0,0%,云洋村地处同安莲花镇东北部， 东串文山与汀溪镇褒美村比邻、 南接祥平街道溪声社区往城区、西连窑市村通镇区、北邻云埔村达安溪县。
1253,九架厝战地民俗园,562,0,2,0%,
1254,春草堂,452,1,13,0%,
1255,罗汉山,98,0,20,0%,
1256,林祖密故居,242,1,11,0%,
1257,桥梁博物馆,99,1,30,0%,
1258,香山国际游艇码头,564,2,11,0%,
1259,丽田园休闲农庄,47,1,36,0%,
1260,厦门环海湾休闲旅游,102,0,0,0%,渔船从西堤码头出发，一路上不仅能饱览整个厦门岛风光、倾听海浪拍击船的声音、遥望大小兔岛屿与陈嘉庚夫人陵园的宝珠屿、一尝船上渔民大厨地道的渔家饭，还能游览集美湾、杏林湾和马銮湾，“环两湾半，看五龙抢珠；听海品涛，观集美学村”
1261,老厦门故事馆,193,1,23,0%,
1262,中华奇石馆,100,1,1,0%,
1263,芮皇养生文化馆,567,0,0,0%,按摩师的手是神奇的，他能扫尽你无限的 ，养生馆内的氛围是舒缓的，他能让你的心神得到无限的放松，养生、美容，是您健康生活的开始。
1264,野山谷景区,568,2,2,0%,
1265,和峰真人CS野战俱乐部,163,0,0,0%,真人CS是多人一起组织起来的一种游戏形式，是一种集运动与游戏于一体，紧张刺激的娱乐活动，真人cs野战是国际上风行的wargame（野战游戏）运动的其中一种形式，目前国内的真人CS基本都是拓展训练中的一个综合性很强的项目。
1266,张仃美术馆,241,0,9,0%,
1267,百年鼓浪屿博物馆,67,1,141,0%,
1268,宝生园农业文化主题公园,101,0,0,0%,"厦门宝生园农家乐是一个以生态开发为宗旨，集种植、养殖、科研、科普教育、旅游观光、休闲娱乐、拓展培训为一体的绿色生态园。 在宝生园里，亲子家庭不但可以在园里租赁一块私家菜地,种植自己喜欢的蔬菜瓜果，让孩子们也能从中体会到“锄禾日当午，…"
1269,厦门观复博物馆,569,1,2,0%,一家私人博物馆，在岛上偏安一隅风景秀美，博物馆尽管规模不大，但藏品丰富，喜欢收藏的朋友不可错过。
1270,诚毅科技探索中心,576,2,253,0%,
1271,种德宫,47,1,11,0%,
1272,厦门破狱斗争旧址,27,1,17,0%,
1273,仙岳山,571,3,26,0%,
1274,集美航海学院,142,1,1,0%,集美航海学院的前身是著名的集美航海学校。它是爱国华侨陈嘉庚先生于民国9年(1920年)创办的。初称“集美学校实业部水产科”，后称“集美学校水产部”。民国16年，改为私立集美高级水产航海学校。经过多年苦心经营，学校初具规模。从初办时以渔捞为…
1275,集美大桥,572,13,30,0%,
1276,集美图书馆,84,1,0,0%,集美图书馆的前身是陈嘉庚先生1918年创办的集美学校图书馆。
1277,福南大会堂,573,2,0,0%,位于厦门集美学村内。
1278,科学艺术中心,574,1,26,0%,
1279,集美中学-南薰楼,575,2,14,0%,
1280,百家村,239,14,44,0%,
1281,滴水山房,159,1,1,0%,一花一草，一石一景皆有心意。处处透着雅致，散发着禅意。
1282,慈济东宫,130,1,1,0%,整座殿宇依山递高，飞檐交错，富丽堂皇，雄伟壮观。
1283,厦门中华儿女美术馆,577,8,29,0%,
1284,海滨公园,165,1,27,0%,
1285,厦门大学人类博物馆,578,1,98,0%,
1286,白石炮台遗址,180,2,31,0%,
1287,贝壳梦幻世界,240,2,378,0%,
1288,月光岩,1,10,13,0%,
1289,文曾路花溪,39,4,66,0%,
